t,Vel,Motor,Marcha
1730932426.07,0.0,4.31,1.45
1730932427.07,0.0,4.68,1.45
1730932428.06,0.0,4.32,1.45
1730932429.06,0.0,4.31,1.45
1730932430.06,0.0,4.3,1.45
1730932431.07,0.0,4.44,1.45
1730932432.13,0.0,5.22,1.45
1730932433.07,0.0,5.54,1.45
1730932434.06,0.0,6.13,1.45
1730932435.06,0.0,4.37,1.45
1730932436.07,0.0,4.31,1.45
1730932437.07,0.0,4.3,1.45
1730932438.07,0.0,4.3,1.45
1730932439.07,0.0,4.7,1.45
1730932440.07,0.0,4.32,1.45
1730932441.07,0.0,4.3,1.45
1730932442.07,0.0,4.3,1.45
1730932443.12,0.0,4.3,1.45
1730932444.06,0.0,4.3,1.45
1730932445.07,0.0,4.3,1.45
1730932446.07,0.0,5.68,1.45
1730932447.07,0.0,4.36,1.45
1730932448.07,0.0,4.31,1.45
1730932449.08,0.0,4.41,1.45
1730932450.07,0.0,4.31,1.45
1730932451.07,0.0,4.3,1.45
1730932452.07,0.0,4.3,1.45
1730932453.07,0.0,4.61,1.45
1730932454.13,0.0,11.45,1.45
1730932455.06,0.0,4.63,1.45
1730932456.06,0.0,4.71,1.45
1730932457.06,0.0,6.97,1.45
1730932458.06,0.0,4.4,1.45
1730932459.06,0.0,23.65,1.45
1730932460.07,0.0,27.87,1.45
1730932461.07,0.0,5.58,1.45
1730932462.06,0.0,4.35,1.45
1730932463.06,0.0,4.31,1.45
1730932464.06,0.0,4.3,1.45
1730932465.07,0.57,522.73,1.45
1730932466.07,0.27,15.44,1.45
1730932467.06,0.0,4.73,1.45
1730932468.06,0.0,4.32,1.45
1730932476.07,0.0,4.3,1.45
1730932477.06,0.0,4.3,1.45
1730932478.07,0.0,4.3,1.45
1730932479.07,0.0,4.3,1.45
1730932480.07,0.0,4.3,1.45
1730932481.13,0.0,4.3,1.45
1730932482.06,0.0,4.3,1.45
1730932483.07,0.0,4.3,1.45
1730932484.07,14.14,2080.76,36.52
1730932485.07,34.33,2654.04,51.85
1730932486.07,48.14,2672.44,56.61
1730932487.07,60.21,3102.33,69.08
1730932488.07,72.7,3634.87,94.1
1730932489.08,85.14,4127.74,99.97
1730932490.07,96.26,4555.04,99.97
1730932491.07,104.81,3565.48,87.89
1730932492.07,110.57,3691.17,75.96
1730932493.07,116.15,3866.45,96.31
1730932494.07,121.58,3980.82,99.97
1730932495.07,126.45,4145.64,89.96
1730932496.07,130.01,4187.25,71.05
1730932497.14,132.54,4281.74,80.53
1730932498.07,135.91,4401.23,99.59
1730932499.08,138.97,4426.08,72.61
1730932500.07,141.22,4505.29,80.53
1730932501.07,142.74,4571.69,99.97
1730932502.07,144.39,4571.33,78.41
1730932503.07,146.66,4666.73,99.97
1730932504.07,148.73,4716.33,99.97
1730932505.07,150.4,4706.13,76.37
1730932506.07,149.06,4320.22,40.01
1730932507.07,145.56,4307.18,43.43
1730932508.07,145.74,4644.72,99.97
1730932509.07,147.93,4697.37,99.97
1730932510.07,148.03,4285.87,39.48
1730932511.07,143.75,4351.33,51.27
1730932512.07,145.66,4642.74,99.97
1730932513.13,147.39,4587.47,65.71
1730932514.07,147.9,4660.38,79.23
1730932515.08,149.34,4717.69,88.76
1730932516.08,150.9,4764.64,96.7
1730932517.07,152.37,4802.64,99.97
1730932518.08,153.71,4833.94,99.97
1730932519.07,154.83,4860.06,99.97
1730932520.07,155.82,4883.01,99.97
1730932521.07,156.68,4902.81,99.97
1730932522.07,157.43,4919.91,99.97
1730932523.07,158.07,4934.67,99.97
1730932524.07,158.63,4947.43,99.97
1730932525.07,159.11,4958.44,99.97
1730932526.07,159.53,4967.96,99.97
1730932527.07,159.87,4971.83,95.64
1730932528.07,159.92,4934.15,77.84
1730932529.11,159.0,4851.32,65.47
1730932530.07,158.11,4910.55,83.39
1730932531.07,158.61,4946.96,99.97
1730932532.07,159.09,4957.87,99.97
1730932533.07,159.51,4967.46,99.97
1730932534.09,159.88,4975.88,99.97
1730932535.07,160.19,4982.92,99.97
1730932536.07,160.46,4989.11,99.97
1730932537.07,160.7,4994.46,99.97
1730932538.07,160.9,4999.08,99.97
1730932539.08,161.08,5003.08,99.97
1730932540.08,161.23,5006.48,99.97
1730932541.07,161.36,5009.47,99.97
1730932542.07,161.48,5012.06,99.97
1730932543.07,161.58,5014.3,99.97
1730932544.07,161.66,5016.24,99.97
1730932545.12,161.74,5017.96,99.97
1730932546.07,161.8,5019.33,99.97
1730932547.07,161.86,5020.59,99.97
1730932548.07,161.91,5021.67,99.97
1730932549.07,161.95,5022.61,99.97
1730932550.07,161.98,5023.42,99.97
1730932551.13,162.02,5024.15,99.97
1730932552.07,162.04,5024.72,99.97
1730932553.07,162.06,5025.24,99.97
1730932554.07,162.09,5025.7,99.97
1730932555.07,162.1,5026.09,99.97
1730932556.07,162.12,5026.43,99.97
1730932557.14,162.13,5026.74,99.97
1730932558.07,162.14,5026.97,99.97
1730932559.07,162.15,5027.19,99.97
1730932560.07,162.16,5027.38,99.97
1730932561.07,162.17,5027.55,99.97
1730932562.07,162.17,5027.69,99.97
1730932563.15,162.18,5027.82,99.97
1730932564.06,162.18,5027.92,99.97
1730932565.07,162.19,5028.01,99.97
1730932566.07,162.19,5028.09,99.97
1730932567.07,162.19,5028.16,99.97
1730932578.07,58.44,4106.42,99.97
1730932579.07,75.48,3746.31,99.97
1730932580.07,87.67,4229.2,99.97
1730932581.08,98.61,4639.6,99.97
1730932582.13,106.74,3626.04,99.97
1730932583.07,112.64,3779.29,99.97
1730932584.07,118.4,3930.74,99.97
1730932585.07,123.54,4088.97,99.97
1730932586.07,128.28,4199.23,99.97
1730932587.07,132.55,4313.48,99.97
1730932588.14,136.64,4420.43,99.97
1730932589.06,139.75,4497.98,99.97
1730932590.08,142.76,4572.19,99.97
1730932591.07,145.3,4633.98,99.97
1730932592.07,147.55,4688.13,99.97
1730932593.07,149.5,4734.76,99.97
1730932594.15,151.3,4777.38,99.97
1730932595.07,152.65,4809.06,99.97
1730932596.07,153.93,4839.01,99.97
1730932597.07,155.04,4864.84,99.97
1730932598.07,156.0,4887.13,99.97
1730932599.07,156.84,4906.37,99.97
1730932600.15,157.6,4923.99,99.97
1730932601.07,158.18,4937.11,99.97
1730932602.07,158.72,4949.53,99.97
1730932603.07,159.19,4960.26,99.97
1730932604.07,159.6,4969.53,99.97
1730932605.07,159.95,4977.53,99.97
1730932606.14,160.28,4984.87,99.97
1730932607.07,160.52,4990.34,99.97
1730932608.07,160.75,4995.53,99.97
1730932609.07,160.94,5000.01,99.97
1730932610.07,161.12,5003.88,99.97
1730932611.07,161.26,5007.22,99.97
1730932612.12,161.4,5010.21,99.97
1730932613.07,161.5,5012.58,99.97
1730932614.07,161.6,5014.75,99.97
1730932615.07,161.68,5016.62,99.97
1730932616.07,161.75,5018.24,99.97
1730932617.08,161.82,5019.64,99.97
1730932618.13,161.87,5020.91,99.97
1730932619.07,161.92,5021.89,99.97
1730932620.07,161.96,5022.8,99.97
1730932621.07,161.99,5023.58,99.97
1730932622.07,162.02,5024.26,99.97
1730932623.07,162.05,5024.84,99.97
1730932624.15,162.07,5025.39,99.97
1730932625.06,162.09,5025.79,99.97
1730932626.07,162.11,5026.17,99.97
1730932627.07,162.12,5026.5,99.97
1730932628.07,162.13,5026.78,99.97
1730932629.07,162.14,5027.02,99.97
1730932630.15,162.15,5027.25,99.97
1730932631.07,162.16,5027.42,99.97
1730932632.07,162.17,5027.58,99.97
1730932633.07,162.18,5027.72,99.97
1730932634.07,162.18,5027.84,99.97
1730932635.07,162.19,5027.94,99.97
1730932636.15,162.19,5028.04,99.97
1730932637.07,162.19,5028.11,99.97
1730932638.07,162.2,5028.17,99.97
1730932639.07,162.2,5028.23,99.97
1730932640.07,162.2,5028.28,99.97
1730932641.07,162.2,5028.32,99.97
1730932642.15,162.2,5028.36,99.97
1730932643.07,162.21,5028.39,99.97
1730932644.07,162.21,5028.42,99.97
1730932645.07,162.21,5028.45,99.97
1730932646.07,162.21,5028.47,99.97
1730932647.07,162.21,5028.49,99.97
1730932648.15,162.21,5028.5,99.97
1730932649.07,162.21,5028.51,99.97
1730932650.07,162.21,5028.53,99.97
1730932651.07,162.21,5028.54,99.97
1730932652.07,162.21,5028.55,99.97
1730932653.07,162.21,5028.55,99.97
1730932654.12,162.21,5028.56,99.97
1730932655.07,162.21,5028.56,99.97
1730932656.07,162.21,5028.57,99.97
1730932657.07,162.21,5028.57,99.97
1730932658.07,162.21,5028.58,99.97
1730932659.07,162.21,5028.58,99.97
1730932660.14,162.21,5028.58,99.97
1730932661.06,162.21,5028.59,99.97
1730932662.08,162.21,5028.59,99.97
1730932663.07,162.21,5028.59,99.97
1730932664.07,162.21,5028.59,99.97
1730932665.07,162.21,5028.59,99.97
1730932666.14,162.21,5028.59,99.97
1730932667.06,162.21,5028.6,99.97
1730932668.07,162.21,5028.6,99.97
1730932669.07,162.21,5028.6,99.97
1730932670.07,162.21,5028.6,99.97
1730932671.07,162.21,5028.6,99.97
1730932672.14,162.21,5028.6,99.97
1730932673.07,162.21,5028.6,99.97
1730932674.07,162.21,5028.6,99.97
1730932675.07,162.21,5028.6,99.97
1730932676.07,162.21,5028.6,99.97
1730932677.07,162.21,5028.6,99.97
1730932678.15,162.21,5028.6,99.97
1730932679.07,162.21,5028.6,99.97
1730932680.07,162.21,5028.6,99.97
1730932681.07,162.21,5028.6,99.97
1730932682.07,162.21,5028.6,99.97
1730932683.07,162.21,5028.6,99.97
1730932684.14,162.21,5028.6,99.97
1730932685.06,162.21,5028.6,99.97
1730932686.07,162.21,5028.6,99.97
1730932687.07,162.21,5028.6,99.97
1730932688.07,162.21,5028.6,99.97
1730932689.07,162.21,5028.6,99.97
1730932690.15,162.21,5028.6,99.97
1730932691.06,162.21,5028.6,99.97
1730932692.07,162.21,5028.6,99.97
1730932693.07,162.21,5028.6,99.97
1730932694.07,162.21,5028.6,99.97
1730932695.07,162.21,5028.6,99.97
1730932696.15,162.21,5028.6,99.97
1730932697.07,162.21,5028.6,99.97
1730932698.07,162.21,5028.6,99.97
1730932699.07,162.21,5028.6,99.97
1730932700.07,162.21,5028.6,99.97
1730932701.07,162.21,5028.6,99.97
1730932702.14,162.21,5028.6,99.97
1730932703.07,162.21,5028.6,99.97
1730932704.07,162.21,5028.6,99.97
1730932705.07,162.21,5028.6,99.97
1730932706.07,162.21,5028.6,99.97
1730932707.07,162.21,5028.6,99.97
1730932708.12,162.21,5028.6,99.97
1730932709.07,162.21,5028.6,99.97
1730932710.07,162.21,5028.6,99.97
1730932711.07,162.21,5028.6,99.97
1730932712.07,162.21,5028.6,99.97
1730932713.07,162.21,5028.6,99.97
1730932714.13,162.21,5028.6,99.97
1730932715.07,162.21,5028.6,99.97
1730932716.07,162.21,5028.6,99.97
1730932717.07,162.21,5028.6,99.97
1730932718.07,162.21,5028.6,99.97
1730932719.07,162.21,5028.6,99.97
1730932720.15,162.21,5028.6,99.97
1730932721.07,162.21,5028.6,99.97
1730932722.07,162.21,5028.6,99.97
1730932723.07,162.21,5028.6,99.97
1730932724.07,162.21,5028.6,99.97
1730932725.07,162.21,5028.6,99.97
1730932726.15,162.21,5028.6,99.97
1730932727.07,162.21,5028.6,99.97
1730932728.07,162.08,4985.23,77.64
1730932729.07,161.37,4964.74,76.58
1730932730.07,159.66,4712.24,48.84
1730932731.07,156.39,4609.39,47.59
1730932732.15,153.7,4713.48,62.97
1730932733.06,154.0,4835.05,95.35
1730932734.07,154.6,4724.75,59.36
1730932735.07,152.82,4571.0,49.2
1730932736.07,147.73,2489.85,1.45
1730932737.07,141.82,4304.16,48.29
1730932738.11,141.78,4423.75,60.3
1730932739.07,140.87,3785.46,25.07
1730932740.07,134.95,1647.34,21.51
1730932741.07,134.13,4202.87,53.56
1730932742.07,130.21,889.92,1.64
1730932743.08,128.63,4079.91,54.62
1730932744.13,125.08,1694.82,6.79
1730932745.07,122.77,3943.13,57.99
1730932746.07,126.14,4084.89,68.72
1730932747.07,124.92,3478.18,27.53
1730932748.07,120.59,619.82,1.45
1730932749.07,115.83,37.15,1.45
1730932750.13,111.12,5.46,1.45
1730932751.06,107.24,4.4,1.45
1730932752.07,103.29,4.34,1.45
1730932753.07,99.63,4.34,1.45
1730932754.07,96.13,4.34,1.45
1730932755.07,92.82,4.34,1.45
1730932756.14,89.51,4.34,1.45
1730932757.06,86.79,4.34,1.45
1730932758.07,83.98,4.34,1.45
1730932759.07,81.31,4.34,1.45
1730932760.06,78.8,4.34,1.45
1730932761.07,76.38,4.34,1.45
1730932762.13,73.92,4.34,1.45
1730932763.06,71.88,258.64,1.66
1730932764.07,69.79,588.68,2.58
1730932765.07,67.79,796.65,3.37
1730932766.07,65.9,949.09,3.68
1730932767.07,64.06,891.02,3.47
1730932768.11,62.23,864.09,3.3
1730932769.07,60.6,883.15,3.51
1730932770.07,58.95,859.78,3.35
1730932771.07,57.35,865.64,3.3
1730932772.07,55.83,832.29,3.15
1730932773.08,54.34,799.1,3.11
1730932774.13,52.81,787.55,3.11
1730932775.06,51.52,769.8,3.03
1730932776.07,50.16,781.09,3.08
1730932777.07,48.84,778.3,3.06
1730932778.07,47.57,785.13,3.03
1730932779.07,46.34,791.93,3.15
1730932780.14,45.04,804.35,3.18
1730932781.06,43.98,742.17,2.91
1730932782.07,42.81,805.67,3.27
1730932783.07,41.72,805.65,2.89
1730932784.07,40.62,73.78,1.45
1730932785.07,39.55,736.99,3.01
1730932786.14,38.44,700.96,2.72
1730932787.06,37.49,81.94,1.45
1730932788.06,36.49,7.58,1.45
1730932789.07,35.5,4.47,1.45
1730932790.07,34.52,4.35,1.45
1730932791.07,33.57,4.34,1.45
1730932792.14,32.59,703.7,2.6
1730932793.06,31.76,471.95,1.45
1730932794.07,30.87,23.83,1.45
1730932795.07,29.99,5.11,1.45
1730932796.07,29.12,4.37,1.45
1730932797.07,28.27,4.34,1.45
1730932798.12,27.39,4.34,1.45
1730932799.06,26.62,4.34,1.45
1730932800.07,25.8,15.97,1.45
1730932801.06,25.02,4.83,1.45
1730932802.07,24.23,4.36,1.45
1730932803.07,23.45,4.34,1.45
1730932804.13,22.64,4.34,1.45
1730932805.06,21.94,4.34,1.45
1730932806.07,21.2,4.34,1.45
1730932807.07,20.46,4.34,1.45
1730932808.07,19.74,4.34,1.45
1730932809.07,19.02,4.34,1.45
1730932810.14,18.26,4.34,1.45
1730932811.06,17.63,667.51,2.79
1730932812.07,16.94,46.38,1.45
1730932813.06,16.26,6.09,1.45
1730932814.07,15.58,4.41,1.45
1730932815.07,14.91,4.34,1.45
1730932816.14,14.2,4.34,1.45
1730932817.06,13.58,4.34,1.45
1730932818.07,12.93,4.34,1.45
1730932819.07,12.27,4.34,1.45
1730932820.06,11.64,4.34,1.45
1730932821.07,11.14,844.66,5.08
1730932822.14,11.83,759.3,2.98
1730932823.06,11.47,794.95,4.04
1730932824.07,12.13,880.7,5.29
1730932825.07,12.93,901.79,4.57
1730932826.07,12.91,811.14,3.3
1730932827.07,12.54,796.49,3.47
1730932828.12,12.5,867.61,4.38
1730932829.06,12.66,879.58,4.43
1730932830.07,12.62,849.0,3.97
1730932831.07,12.68,859.89,4.16
1730932832.07,12.77,913.4,5.22
1730932833.07,13.45,936.21,4.91
1730932834.12,13.3,449.41,1.76
1730932835.06,12.69,216.03,1.73
1730932836.07,12.05,382.45,1.85
1730932837.07,11.43,446.05,1.83
1730932838.07,10.8,244.13,1.66
1730932839.07,10.17,83.67,1.47
1730932840.13,9.49,154.41,1.64
1730932841.06,8.91,191.97,1.59
1730932842.07,8.3,155.72,1.57
1730932843.07,7.67,176.52,1.64
1730932844.07,7.06,139.78,1.54
1730932845.07,6.44,161.54,1.59
1730932846.14,5.8,169.79,1.59
1730932847.06,5.24,243.6,1.59
1730932848.07,4.63,99.95,1.52
1730932849.07,4.03,118.75,1.54
1730932850.07,3.42,121.89,1.59
1730932851.07,2.82,109.55,1.59
1730932852.14,2.18,142.59,1.59
1730932853.06,1.62,112.06,1.71
1730932854.07,1.07,100.14,1.61
1730932855.07,0.54,96.91,1.61
1730932856.07,0.16,147.51,1.52
1730932857.07,0.0,140.08,1.52
1730932858.14,0.0,144.61,1.59
1730932859.06,0.0,121.88,1.61
1730932860.07,0.0,103.28,1.64
1730932861.07,0.0,124.19,1.61
1730932862.07,0.01,130.8,1.59
1730932863.07,0.0,150.0,1.64
1730932864.11,0.0,108.61,1.59
1730932865.07,0.01,139.57,1.66
1730932866.07,0.0,125.98,1.57
1730932867.07,0.0,135.47,1.64
1730932868.07,0.0,217.89,1.69
1730932869.07,0.0,122.59,1.57
1730932870.12,0.0,129.07,1.59
1730932871.06,0.0,116.41,1.61
1730932872.07,0.0,109.72,1.59
1730932873.07,0.0,119.8,1.59
1730932874.07,0.0,112.13,1.57
1730932875.07,0.0,117.27,1.59
1730932876.14,0.0,113.26,1.57
1730932877.06,0.0,114.41,1.64
1730932878.07,0.0,146.93,1.57
1730932879.07,0.02,204.25,1.57
1730932880.07,0.01,136.29,1.54
1730932881.07,0.0,120.76,1.76
1730932882.14,0.0,92.61,1.54
1730932883.06,0.0,123.97,1.61
1730932884.07,0.0,149.88,1.61
1730932885.07,0.01,178.9,1.59
1730932886.07,0.01,142.07,1.59
1730932887.07,0.0,87.27,1.57
1730932888.13,0.0,164.77,1.59
1730932889.06,0.01,178.49,1.49
1730932890.07,0.0,92.18,1.59
1730932891.07,0.04,196.93,1.73
1730932892.07,0.0,97.55,1.59
1730932893.07,0.0,107.42,1.54
1730932894.12,0.0,134.1,1.83
1730932895.06,0.0,109.74,1.52
1730932896.07,0.03,197.7,1.59
1730932897.07,0.0,163.89,1.61
1730932898.07,0.0,96.34,1.52
1730932899.07,0.01,202.32,1.61
1730932900.13,0.03,188.9,1.52
1730932901.06,0.0,91.86,1.52
1730932902.07,0.0,87.49,1.59
1730932903.07,0.0,92.61,1.59
1730932904.07,0.0,127.78,1.57
1730932905.07,0.0,83.02,1.54
1730932906.14,0.0,114.45,1.52
1730932907.06,0.0,127.75,1.54
1730932908.07,0.0,98.38,1.57
1730932909.07,0.0,87.57,1.52
1730932910.07,0.0,101.54,1.52
1730932911.07,0.0,117.65,1.54
1730932912.14,0.0,110.14,1.52
1730932913.06,0.0,102.65,1.49
1730932914.07,0.0,170.97,1.52
1730932915.07,0.0,135.35,1.54
1730932916.07,0.0,109.97,1.54
1730932917.07,0.0,131.87,1.47
1730932918.11,0.0,138.37,1.54
1730932919.07,0.01,102.68,1.61
1730932920.07,0.01,178.57,1.59
1730932921.07,0.0,126.16,1.52
1730932922.07,0.01,87.22,1.49
1730932923.08,0.0,94.04,1.54
1730932924.12,0.0,92.72,1.59
1730932925.06,0.0,97.12,1.47
1730932926.07,0.0,90.56,1.52
1730932927.06,0.01,145.65,1.61
1730932928.07,0.0,96.14,1.57
1730932929.07,0.0,100.68,1.57
1730932930.13,0.0,89.48,1.54
1730932931.07,0.0,97.04,1.54
1730932932.07,0.01,166.85,1.57
1730932933.07,0.0,123.52,1.52
1730932934.07,0.0,107.63,1.76
1730932935.07,0.0,119.25,1.52
1730932936.14,0.0,180.12,1.54
1730932937.06,0.0,100.32,1.54
1730932938.07,0.0,87.95,1.52
1730932939.07,0.0,98.98,1.49
1730932940.07,0.0,85.55,1.61
1730932941.07,0.0,142.91,1.49
1730932942.14,0.0,96.0,1.54
1730932943.06,0.0,96.54,1.54
1730932944.07,0.01,93.53,1.54
1730932945.07,0.01,243.45,1.49
1730932946.07,0.0,87.09,1.52
1730932947.06,0.01,128.03,1.52
1730932948.11,0.0,80.19,1.54
1730932949.06,0.0,110.62,1.66
1730932950.07,0.0,70.74,1.57
1730932951.07,0.0,91.55,1.47
1730932952.07,0.0,119.16,1.69
1730932953.08,0.0,76.98,1.57
1730932954.11,0.0,74.79,1.47
1730932955.07,0.0,155.01,1.54
1730932956.07,0.0,118.22,1.57
1730932957.07,0.0,69.48,1.54
1730932958.07,0.0,94.7,1.54
1730932959.07,0.0,72.93,1.57
1730932960.13,0.0,103.53,1.52
1730932961.06,0.02,194.2,2.43
1730932962.07,0.0,111.62,1.52
1730932963.07,0.01,96.0,1.45
1730932964.07,0.0,85.55,1.57
1730932965.07,0.0,71.89,1.59
1730932966.14,0.0,61.47,1.49
1730932967.06,0.0,61.64,1.52
1730932968.07,0.0,74.62,1.47
1730932969.07,0.0,92.07,1.47
1730932970.07,0.0,103.87,1.45
1730932971.07,0.0,117.04,1.57
1730932972.14,0.0,81.88,1.57
1730933952.0,104.25,3399.34,47.28
1730933953.0,106.57,3461.8,47.23
1730933954.0,108.69,3511.64,47.23
1730933955.0,110.6,3562.38,47.01
1730933956.0,112.34,3606.07,47.14
1730933957.0,113.93,3645.61,47.18
1730933958.0,115.36,3681.99,47.21
1730933959.0,116.66,3713.72,47.09
1730933960.0,117.83,3742.96,47.04
1730933961.0,118.89,3770.73,47.14
1730933962.0,119.86,3792.66,47.16
1730933963.0,120.72,3812.54,47.18
1730933964.0,121.5,3833.32,47.21
1730933965.0,122.21,3849.18,47.14
1730933966.01,122.84,3865.53,47.14
1730933967.0,123.41,3878.68,47.09
1730933968.0,123.93,3892.94,47.21
1730933969.0,124.4,3901.01,47.04
1730933970.0,124.82,3911.73,47.23
1730933971.01,125.2,3923.24,47.26
1730933972.01,125.54,3930.78,47.14
1730933973.01,125.85,3937.95,47.09
1730933974.01,126.12,3945.07,47.28
1730933975.01,126.37,3947.25,47.11
1730933988.0,128.33,3995.86,47.18
1730933989.0,128.36,3995.95,47.33
1730933990.0,128.39,3996.35,47.14
1730933991.0,128.41,3997.13,47.09
1730933992.0,128.43,3995.02,47.14
1730933993.0,128.45,3997.95,47.18
1730933994.0,128.62,4072.97,54.04
1730933995.0,131.48,4279.23,94.68
1730933996.0,133.82,3993.34,37.8
1730933997.0,129.13,2398.95,11.24
1730933998.01,123.81,222.09,1.45
1730933999.01,120.27,3028.45,14.8
1730934000.0,116.03,3391.61,30.92
1730934001.01,113.97,2995.81,19.37
1730934002.0,109.91,436.94,5.39
1730934003.01,107.27,3303.44,34.46
1730934004.01,107.64,3349.21,35.39
1730934005.0,106.05,2897.14,20.21
1730934006.01,102.66,783.66,1.45
1730934007.01,99.04,36.83,1.45
1730934008.0,95.62,5.7,1.45
1730934009.0,92.35,4.39,1.45
1730934010.0,89.25,4.34,1.45
1730934123.01,0.0,4.3,1.45
1730934124.01,0.0,4.3,1.45
1730934125.01,0.0,4.3,1.45
1730934126.0,0.0,4.3,1.45
1730934127.0,0.0,4.3,1.45
1730934128.0,0.0,4.3,1.45
1730934129.01,0.0,4.3,1.45
1730934130.0,19.47,2018.94,35.83
1730934131.01,32.26,2074.07,36.31
1730934132.01,40.8,2219.99,35.92
1730934133.01,46.83,2271.35,25.77
1730934134.01,47.64,1519.99,2.96
1730934135.01,46.4,68.94,1.45
1730934136.0,45.63,2224.79,25.34
1730934137.01,52.67,2749.25,50.24
1730934138.01,62.06,3081.3,52.12
1730934139.01,66.82,2215.94,25.41
1730934140.0,65.98,563.34,1.45
1730934141.0,64.12,27.65,1.45
1730934142.0,62.31,5.27,1.45
1730934143.0,60.56,4.38,1.45
1730934144.01,58.88,4.34,1.45
1730934145.0,57.28,4.34,1.45
1730934146.01,56.35,1899.94,21.97
1730934147.0,58.84,1965.14,21.51
1730934148.0,58.26,626.85,1.45
1730934149.0,56.71,1590.02,11.43
1730934150.0,57.81,2068.48,29.96
1730934151.01,61.57,2132.37,28.61
1730934152.0,62.54,1947.05,14.39
1730934153.01,61.08,232.17,1.45
1730934154.0,59.4,13.84,1.45
1730934155.0,58.83,1978.85,23.32
1730934156.01,59.75,1843.17,11.96
1730934157.0,58.27,361.96,6.18
1730934158.01,59.19,2134.5,32.36
1730934159.0,61.66,1973.05,16.96
1730934160.01,60.28,190.63,1.45
1730934161.0,58.64,12.11,1.45
1730934162.0,57.02,4.65,1.45
1730934163.01,55.46,4.35,1.45
1730934164.01,53.97,4.34,1.45
1730934165.0,52.51,4.34,1.45
1730934166.0,51.1,4.34,1.45
1730934167.01,49.72,4.34,1.45
1730934168.01,48.39,4.34,1.45
1730934169.0,47.12,4.34,1.45
1730934170.0,45.86,4.34,1.45
1730934171.01,44.63,4.34,1.45
1730934172.01,43.74,1528.73,17.9
1730934173.0,46.98,1898.62,28.51
1730934174.0,50.82,1928.6,28.56
1730934175.01,54.16,1991.33,28.8
1730934176.0,57.12,2038.97,28.95
1730934177.0,59.81,2092.41,28.9
1730934178.01,62.33,2148.76,28.95
1730934179.01,64.6,2202.65,28.87
1730934180.0,66.69,2252.74,28.95
1730934181.0,68.61,2299.94,28.99
1730934182.0,70.37,2340.51,28.95
1730934183.01,72.01,2385.4,28.95
1730934184.01,73.47,2422.47,28.87
1730934185.0,74.83,2457.27,28.85
1730934186.0,76.08,2489.72,28.9
1730934187.0,77.26,2521.75,28.8
1730934188.01,78.32,2548.35,28.99
1730934189.0,79.31,2572.2,28.9
1730934190.0,80.21,2596.73,28.87
1730934191.01,81.07,2617.87,28.95
1730934192.0,81.85,2636.89,28.9
1730934193.0,82.57,2654.95,29.02
1730934194.01,83.24,2670.91,28.87
1730934195.0,83.85,2687.3,28.97
1730934196.0,84.41,2699.51,28.85
1730934197.0,84.92,2710.76,28.75
1730934198.01,85.4,2723.62,28.85
1730934199.0,85.84,2734.63,28.99
1730934200.0,86.24,2744.65,28.9
1730934201.01,86.61,2751.85,28.87
1730934202.0,86.96,2761.31,28.95
1730934203.0,87.27,2768.96,28.92
1730934204.01,87.55,2768.63,28.85
1730934205.0,87.02,2508.3,18.5
1730934206.0,85.29,2442.29,17.95
1730934207.0,83.69,2410.42,17.76
1730934208.0,82.18,2388.15,17.81
1730934209.01,80.77,2364.63,17.97
1730934210.0,79.48,2339.25,17.85
1730934211.01,78.87,2518.6,26.15
1730934212.0,79.54,2563.37,27.84
1730934213.0,80.28,2589.88,28.42
1730934214.0,81.05,2611.86,28.46
1730934215.0,81.75,2628.27,28.71
1730934216.0,82.41,2645.36,28.54
1730934217.01,83.01,2658.93,28.56
1730934218.01,83.56,2673.14,28.63
1730934219.0,84.07,2685.0,28.42
1730934220.0,84.55,2696.3,28.42
1730934221.0,84.98,2708.61,28.46
1730934222.0,85.37,2718.53,28.46
1730934223.0,85.73,2723.76,28.51
1730934224.01,86.07,2733.69,28.56
1730934225.0,86.38,2740.46,28.56
1730934226.0,86.66,2746.67,28.44
1730934227.01,86.92,2753.89,28.51
1730934228.0,87.16,2760.03,28.56
1730934229.0,87.39,2767.12,28.68
1730934230.01,87.59,2770.39,28.51
1730934231.01,87.78,2775.05,28.56
1730934232.0,87.95,2777.93,28.73
1730934233.0,88.11,2781.77,28.58
1730934234.01,88.26,2786.89,28.46
1730934235.0,88.4,2788.25,28.61
1730934236.0,88.52,2792.21,28.63
1730934237.01,88.64,2795.5,28.63
1730934238.01,88.74,2796.91,28.46
1730934239.0,88.84,2799.69,28.58
1730934240.01,88.93,2801.59,28.56
1730934241.01,89.01,2803.7,28.46
1730934242.0,89.08,2804.95,28.49
1730934243.0,89.15,2807.89,28.54
1730934244.01,89.21,2807.1,28.63
1730934245.0,89.27,2809.64,28.63
1730934246.0,89.32,2809.55,28.56
1730934247.01,89.36,2813.57,28.63
1730934248.0,89.42,2812.83,28.68
1730934249.0,89.46,2815.22,28.49
1730934250.01,89.5,2815.37,28.56
1730934251.0,89.54,2817.45,28.63
1730934252.0,89.57,2816.94,28.51
1730934253.01,89.6,2815.78,28.58
1730934254.01,89.63,2817.78,28.56
1730934255.0,89.65,2817.76,28.61
1730934256.0,89.68,2818.81,28.56
1730934257.01,89.69,2817.82,28.54
1730934258.0,89.71,2818.99,28.44
1730934259.0,89.73,2819.3,28.51
1730934260.01,89.75,2819.21,28.58
1730934261.0,89.76,2820.63,28.54
1730934262.0,89.76,2820.28,28.66
1730934263.01,89.78,2820.71,28.66
1730934264.01,89.79,2820.76,28.34
1730934265.0,89.79,2821.84,28.54
1730934266.01,89.8,2822.18,28.61
1730934267.01,89.81,2820.98,28.56
1730934268.0,89.82,2822.46,28.54
1730934269.0,89.83,2825.11,28.56
1730934270.01,89.84,2823.44,28.54
1730934271.0,89.85,2822.7,28.61
1730934272.0,89.86,2824.52,28.54
1730934273.0,89.86,2822.27,28.46
1730934274.0,89.86,2822.61,28.56
1730934275.0,89.86,2821.84,28.51
1730934276.01,89.87,2823.16,28.49
1730934277.0,89.87,2824.75,28.51
1730934278.0,89.87,2824.79,28.49
1730934279.01,89.88,2822.56,28.44
1730934280.01,89.88,2822.68,28.46
1730934281.0,89.88,2821.79,28.46
1730934282.01,89.88,2821.4,28.46
1730934283.01,89.88,2824.48,28.51
1730934284.0,89.88,2824.31,28.49
1730934285.0,89.88,2823.46,28.61
1730934286.01,89.86,2821.14,28.15
1730934287.0,91.3,3051.59,47.14
1730934288.0,96.04,3295.61,71.87
1730934289.0,101.63,3364.92,51.97
1730934290.0,102.36,3139.45,30.73
1730934291.01,100.02,1036.52,1.45
1730934292.0,96.64,2495.59,21.22
1730934293.01,96.79,3172.08,43.72
1730934294.0,96.99,2582.12,13.76
1730934295.0,93.78,172.88,1.45
1730934296.01,91.29,2423.72,10.71
1730934297.0,88.45,2454.72,20.86
1730934298.0,87.4,2359.73,11.81
1730934299.0,84.74,2270.04,19.68
1730934300.0,84.89,2577.88,21.46
1730934301.0,82.63,311.87,1.45
1730934302.0,80.23,2520.86,26.11
1730934303.0,82.21,2771.06,41.65
1730934304.01,82.78,2201.64,9.89
1730934305.0,80.6,2565.36,27.21
1730934306.0,81.05,2189.25,9.65
1730934307.01,79.8,2549.68,26.97
1730934308.0,80.25,2563.7,26.97
1730934309.01,80.16,2335.43,16.05
1730934310.0,77.95,232.06,1.45
1730934311.01,75.56,13.37,1.45
1730934312.0,75.6,2570.48,38.45
1730934313.01,79.58,2728.17,44.2
1730934314.01,83.3,2812.64,43.5
1730934315.0,85.27,2730.96,29.47
1730934316.01,84.2,2065.37,8.25
1730934317.0,81.64,149.59,1.45
1730934318.0,79.73,2495.43,24.45
1730934319.01,81.46,2736.65,39.8
1730934320.0,82.83,2515.86,21.27
1730934321.01,80.9,929.24,1.45
1730934322.0,78.81,2512.73,26.25
1730934323.0,80.49,2507.02,22.76
1730934324.01,78.65,558.15,1.45
1730934325.01,76.27,27.43,1.45
1730934326.01,73.96,5.26,1.45
1730934327.0,71.79,4.38,1.45
1730934328.0,50.82,4.34,1.45
1730934329.01,0.65,4.34,1.45
1730934330.0,0.0,4.34,1.45
1730934331.0,0.0,4.34,1.45
1730934332.01,0.0,4.33,1.45
1730934333.01,0.0,4.32,1.45
1730934334.0,0.0,4.31,1.45
1730934335.0,0.0,4.32,1.45
1730934336.0,0.0,4.31,1.45
1730934337.0,0.0,4.3,1.45
1730934338.01,0.0,4.3,1.45
1730934339.01,0.0,4.3,1.45
1730934340.01,0.0,4.3,1.45
1730934341.0,0.0,4.3,1.45
1730934342.0,0.0,4.3,1.45
1730934343.01,0.0,4.3,1.45
1730934344.01,0.0,4.3,1.45
1730934345.02,0.0,4.3,1.45
1730934346.0,0.0,4.3,1.45
1730934347.0,0.0,4.3,1.45
1730934348.01,0.0,4.3,1.45
1730934349.01,0.0,4.3,1.45
1730934350.01,0.0,4.3,1.45
1730934351.01,0.0,4.3,1.45
1730934352.0,0.0,4.3,1.45
1730934353.01,0.0,4.3,1.45
1730934354.01,0.0,4.3,1.45
1730934355.01,0.0,4.3,1.45
1730934356.0,0.0,4.3,1.45
1730934357.0,0.0,4.3,1.45
1730934358.01,0.0,4.3,1.45
1730934359.01,0.0,4.3,1.45
1730934360.01,0.0,4.3,1.45
1730934361.0,0.0,4.3,1.45
1730934362.0,0.0,4.3,1.45
1730934363.0,0.0,4.3,1.45
1730934364.01,0.0,4.3,1.45
1730934365.01,0.0,4.3,1.45
1730934366.0,0.0,4.3,1.45
1730934367.0,0.0,4.3,1.45
1730934368.01,0.0,4.3,1.45
1730934369.01,0.0,4.3,1.45
1730934370.01,0.0,4.3,1.45
1730934371.0,0.0,4.3,1.45
1730934372.0,0.0,4.3,1.45
1730934373.01,0.0,4.3,1.45
1730934374.01,0.0,4.3,1.45
1730934375.0,0.0,4.3,1.45
1730934376.0,0.0,4.3,1.45
1730934377.0,0.0,4.3,1.45
1730934378.0,0.0,4.3,1.45
1730934379.0,0.0,4.3,1.45
1730934380.0,0.0,4.3,1.45
1730934381.0,0.0,4.3,1.45
1730934382.01,0.0,4.3,1.45
1730934383.01,0.0,4.3,1.45
1730934384.01,0.0,4.3,1.45
1730934385.0,0.0,4.3,1.45
1730934386.0,0.0,4.3,1.45
1730934387.01,0.0,4.3,1.45
1730934388.01,0.0,4.3,1.45
1730934389.01,0.0,4.3,1.45
1730934390.0,0.0,4.3,1.45
1730934391.0,0.0,4.3,1.45
1730934392.01,0.0,4.3,1.45
1730934393.01,0.0,4.3,1.45
1730934394.0,0.0,4.3,1.45
1730934395.0,0.0,4.3,1.45
1730934396.0,0.0,4.3,1.45
1730934397.01,0.0,4.3,1.45
1730934398.01,0.0,4.3,1.45
1730934399.01,0.0,4.3,1.45
1730934400.0,0.0,4.3,1.45
1730934401.0,0.0,4.3,1.45
1730934402.01,0.0,4.3,1.45
1730934403.01,0.0,4.3,1.45
1730934404.0,0.0,4.3,1.45
1730934405.0,0.0,4.3,1.45
1730934406.01,0.0,4.3,1.45
1730934407.01,0.0,4.3,1.45
1730934408.01,0.0,4.3,1.45
1730934409.01,0.0,4.3,1.45
1730934410.0,0.0,4.3,1.45
1730934411.0,0.0,4.3,1.45
1730934412.01,0.0,4.3,1.45
1730934413.01,0.0,4.3,1.45
1730934414.0,0.0,4.3,1.45
1730934415.0,0.0,4.3,1.45
1730934416.0,0.0,4.3,1.45
1730934417.01,0.0,4.3,1.45
1730934418.01,0.0,4.3,1.45
1730934419.0,0.0,4.3,1.45
1730934420.0,0.0,4.3,1.45
1730934421.0,0.0,4.3,1.45
1730934422.01,0.0,4.3,1.45
1730934423.01,0.0,4.3,1.45
1730934424.0,0.0,4.3,1.45
1730934425.0,0.0,4.3,1.45
1730934426.01,0.0,4.3,1.45
1730934427.01,0.0,4.3,1.45
1730934428.01,0.0,4.3,1.45
1730934429.0,0.0,4.3,1.45
1730934430.0,0.0,4.3,1.45
1730934431.0,0.0,4.3,1.45
1730934432.01,0.0,4.3,1.45
1730934433.01,0.0,4.3,1.45
1730934434.0,0.0,4.3,1.45
1730934435.0,0.0,4.3,1.45
1730934436.01,0.0,4.3,1.45
1730934437.01,0.0,4.3,1.45
1730934438.01,0.0,4.3,1.45
1730934439.0,0.0,4.3,1.45
1730934440.0,0.0,4.3,1.45
1730934441.01,0.0,4.3,1.45
1730934442.01,0.0,4.3,1.45
1730934443.0,0.0,4.3,1.45
1730934444.0,0.0,4.3,1.45
1730934445.0,0.0,4.3,1.45
1730934446.01,0.0,4.3,1.45
1730934447.01,0.0,4.3,1.45
1730934448.01,0.0,4.3,1.45
1730934449.0,0.0,4.3,1.45
1730934450.0,0.0,4.3,1.45
1730934451.01,0.0,4.3,1.45
1730934452.0,0.0,4.3,1.45
1730934453.0,0.0,4.3,1.45
1730934454.0,0.0,4.3,1.45
1730934455.01,0.0,4.3,1.45
1730934456.01,0.0,4.3,1.45
1730934457.0,0.0,4.3,1.45
1730934458.0,0.0,4.3,1.45
1730934459.0,0.0,4.3,1.45
1730934460.01,0.0,4.3,1.45
1730934461.0,0.0,4.3,1.45
1730934462.0,0.0,4.3,1.45
1730934463.0,0.0,4.3,1.45
1730934464.0,0.0,4.3,1.45
1730934465.01,0.0,4.3,1.45
1730934466.01,0.0,4.3,1.45
1730934467.0,0.0,4.3,1.45
1730934468.01,0.0,4.3,1.45
1730934469.0,0.0,4.3,1.45
1730934470.01,0.0,4.3,1.45
1730934471.01,0.0,4.3,1.45
1730934472.01,0.0,4.3,1.45
1730934473.0,0.0,4.3,1.45
1730934474.0,0.0,4.3,1.45
1730934475.01,0.0,4.3,1.45
1730934476.01,0.0,4.3,1.45
1730934477.0,0.0,4.3,1.45
1730934478.0,0.0,4.3,1.45
1730934479.0,0.0,4.3,1.45
1730934480.01,0.0,4.3,1.45
1730934481.01,0.0,4.3,1.45
1730934482.0,0.0,4.3,1.45
1730934483.0,0.0,4.3,1.45
1730934484.0,0.0,4.3,1.45
1730934485.01,0.0,4.3,1.45
1730934486.01,0.0,4.3,1.45
1730934487.0,0.0,4.3,1.45
1730934488.0,0.0,4.3,1.45
1730934489.01,0.0,4.3,1.45
1730934490.01,0.0,4.3,1.45
1730934491.01,0.0,4.3,1.45
1730934492.0,0.0,4.3,1.45
1730934493.0,0.0,4.3,1.45
1730934494.01,0.0,4.3,1.45
1730934495.01,0.0,4.3,1.45
1730934496.01,0.0,4.3,1.45
1730934497.01,0.0,4.3,1.45
1730934498.0,0.0,4.3,1.45
1730934499.01,0.0,4.3,1.45
1730934500.0,0.0,4.3,1.45
1730934501.01,0.0,4.3,1.45
1730934502.0,0.0,4.3,1.45
1730934503.0,0.0,4.3,1.45
1730934504.0,0.0,4.3,1.45
1730934505.01,0.0,4.3,1.45
1730934506.0,0.0,4.3,1.45
1730934507.0,0.0,4.3,1.45
1730934508.0,0.0,4.3,1.45
1730934509.01,0.0,4.3,1.45
1730934510.01,0.0,4.3,1.45
1730934511.01,0.0,4.3,1.45
1730934512.0,0.0,4.3,1.45
1730934513.0,0.0,4.3,1.45
1730934514.01,0.0,4.3,1.45
1730934515.01,0.0,4.3,1.45
1730934516.0,0.0,4.3,1.45
1730934517.0,0.0,4.3,1.45
1730934518.0,0.0,4.3,1.45
1730934519.01,0.0,4.3,1.45
1730934520.01,0.0,4.3,1.45
1730934521.0,0.0,4.3,1.45
1730934522.0,0.0,4.3,1.45
1730934523.01,0.0,4.3,1.45
1730934524.01,0.0,4.3,1.45
1730934525.0,0.0,4.3,1.45
1730934526.0,0.0,4.3,1.45
1730934527.0,0.0,4.3,1.45
1730934528.01,0.0,4.3,1.45
1730934529.01,0.0,4.3,1.45
1730934530.0,0.0,4.3,1.45
1730934531.0,0.0,4.3,1.45
1730934532.0,0.0,4.3,1.45
1730934533.01,0.0,4.3,1.45
1730934534.01,0.0,4.3,1.45
1730934535.0,0.0,4.3,1.45
1730934536.0,0.0,4.3,1.45
1730934537.0,0.0,4.3,1.45
1730934538.01,0.0,4.3,1.45
1730934539.01,0.0,4.3,1.45
1730934540.0,0.0,4.3,1.45
1730934541.0,0.0,4.3,1.45
1730934542.0,0.0,4.3,1.45
1730934543.01,0.0,4.3,1.45
1730934544.01,0.0,4.3,1.45
1730934545.0,0.0,4.3,1.45
1730934546.0,0.0,4.3,1.45
1730934547.0,0.0,4.3,1.45
1730934548.01,0.0,4.3,1.45
1730934549.01,0.0,4.3,1.45
1730934550.0,0.0,4.3,1.45
1730934551.0,0.0,4.3,1.45
1730934552.0,0.0,4.3,1.45
1730934553.01,0.0,4.3,1.45
1730934554.01,0.0,4.3,1.45
1730934555.0,0.0,4.3,1.45
1730934556.0,0.0,4.3,1.45
1730934557.01,0.0,4.3,1.45
1730934558.01,0.0,4.3,1.45
1730934559.0,0.0,4.3,1.45
1730934560.0,0.0,4.3,1.45
1730934561.0,0.0,4.3,1.45
1730934562.01,0.0,4.3,1.45
1730934563.01,0.0,4.3,1.45
1730934564.0,0.0,4.3,1.45
1730934565.0,0.0,4.3,1.45
1730934566.0,0.0,4.3,1.45
1730934567.01,0.0,4.3,1.45
1730934568.01,0.0,4.3,1.45
1730934569.0,0.0,4.3,1.45
1730934570.0,0.0,4.3,1.45
1730934571.0,0.0,4.3,1.45
1730934572.0,0.0,4.3,1.45
1730934573.01,0.0,4.3,1.45
1730934574.0,0.0,4.3,1.45
1730934575.0,0.0,4.3,1.45
1730934576.01,0.0,4.3,1.45
1730934577.01,0.0,4.3,1.45
1730934578.01,0.0,4.3,1.45
1730934579.0,0.0,4.3,1.45
1730934580.0,0.0,4.3,1.45
1730934581.0,0.0,4.3,1.45
1730934582.01,0.0,4.3,1.45
1730934583.01,0.0,4.3,1.45
1730934584.01,0.0,4.3,1.45
1730934585.0,0.0,4.3,1.45
1730934586.0,0.0,4.3,1.45
1730934587.01,0.0,4.3,1.45
1730934588.01,0.0,4.3,1.45
1730934589.0,0.0,4.3,1.45
1730934590.0,0.0,4.3,1.45
1730934591.01,0.0,4.3,1.45
1730934592.01,0.0,4.3,1.45
1730934593.01,0.0,4.3,1.45
1730934594.0,0.0,4.3,1.45
1730934595.0,0.0,4.3,1.45
1730934596.01,0.0,4.3,1.45
1730934597.01,0.0,4.3,1.45
1730934598.0,0.0,4.3,1.45
1730934599.0,0.0,4.3,1.45
1730934600.0,0.0,4.3,1.45
1730934601.01,0.0,4.3,1.45
1730934602.01,0.0,4.3,1.45
1730934603.0,0.0,4.3,1.45
1730934604.0,0.0,4.3,1.45
1730934605.0,0.0,4.3,1.45
1730934606.01,0.0,4.3,1.45
1730934607.01,0.0,4.3,1.45
1730934608.0,0.0,4.3,1.45
1730934609.0,0.0,4.3,1.45
1730934610.01,0.0,4.3,1.45
1730934611.0,0.0,4.3,1.45
1730934612.01,0.0,4.3,1.45
1730934613.0,0.0,4.3,1.45
1730934614.0,0.0,4.3,1.45
1730934615.0,0.0,4.3,1.45
1730934616.01,0.0,4.3,1.45
1730934617.01,0.0,4.3,1.45
1730934618.0,0.0,4.3,1.45
1730934619.0,0.0,4.3,1.45
1730934620.0,0.0,4.3,1.45
1730934621.01,0.0,4.3,1.45
1730934622.01,0.0,4.3,1.45
1730934623.0,0.0,4.3,1.45
1730934624.0,0.0,4.3,1.45
1730934625.0,0.0,4.3,1.45
1730934626.01,0.0,4.3,1.45
1730934627.01,0.0,4.3,1.45
1730934628.0,0.0,4.3,1.45
1730934629.0,0.0,4.3,1.45
1730934630.0,0.0,4.3,1.45
1730934631.01,0.0,4.3,1.45
1730934632.01,0.0,4.3,1.45
1730934633.0,0.0,4.3,1.45
1730934634.0,0.0,4.3,1.45
1730934635.01,0.0,4.3,1.45
1730934636.01,0.0,4.3,1.45
1730934637.0,0.0,4.3,1.45
1730934638.0,0.0,4.3,1.45
1730934639.0,0.0,4.3,1.45
1730934640.01,0.0,4.3,1.45
1730934641.01,0.0,4.3,1.45
1730934642.0,0.0,4.3,1.45
1730934643.0,0.0,4.3,1.45
1730934644.0,0.0,4.3,1.45
1730934645.01,0.0,4.3,1.45
1730934646.01,0.0,4.3,1.45
1730934647.01,0.0,4.3,1.45
1730934648.0,0.0,4.3,1.45
1730934649.0,0.0,4.3,1.45
1730934650.0,0.0,4.3,1.45
1730934651.01,0.0,4.3,1.45
1730934652.01,0.0,4.3,1.45
1730934653.0,0.0,4.3,1.45
1730934654.0,0.0,4.3,1.45
1730934655.0,0.0,4.3,1.45
1730934656.01,0.0,4.3,1.45
1730934657.01,0.0,4.3,1.45
1730934658.0,0.0,4.3,1.45
1730934659.0,0.0,4.3,1.45
1730934660.0,0.0,4.3,1.45
1730934661.01,0.0,4.3,1.45
1730934662.01,0.0,4.3,1.45
1730934663.0,0.0,4.3,1.45
1730934664.0,0.0,4.3,1.45
1730934665.0,0.0,4.3,1.45
1730934666.01,0.0,4.3,1.45
1730934667.01,0.0,4.3,1.45
1730934668.0,0.0,4.3,1.45
1730934669.0,0.0,4.3,1.45
1730934670.0,0.0,4.3,1.45
1730934671.01,0.0,4.3,1.45
1730934672.01,0.0,4.3,1.45
1730934673.0,0.0,4.3,1.45
1730934674.0,0.0,4.3,1.45
1730934675.0,0.0,4.3,1.45
1730934676.01,0.0,4.3,1.45
1730934677.01,0.0,4.3,1.45
1730934678.0,0.0,4.3,1.45
1730934679.0,0.0,4.3,1.45
1730934680.0,0.0,4.3,1.45
1730934681.01,0.0,4.3,1.45
1730934682.01,0.0,4.3,1.45
1730934683.0,0.0,4.3,1.45
1730934684.0,0.0,4.3,1.45
1730934685.0,0.0,4.3,1.45
1730934686.01,0.0,4.3,1.45
1730934687.01,0.0,4.3,1.45
1730934688.0,0.0,4.3,1.45
1730934689.0,0.0,4.3,1.45
1730934690.0,0.0,4.3,1.45
1730934691.01,0.0,4.3,1.45
1730934692.01,0.0,4.3,1.45
1730934693.01,0.0,4.3,1.45
1730934694.0,0.0,4.3,1.45
1730934695.0,0.0,4.3,1.45
1730934696.01,0.0,4.3,1.45
1730934697.01,0.0,4.3,1.45
1730934698.01,0.0,4.3,1.45
1730934699.0,0.0,4.3,1.45
1730934700.0,0.0,4.3,1.45
1730934701.01,0.0,4.3,1.45
1730934702.01,0.0,4.3,1.45
1730934703.0,0.0,4.3,1.45
1730934704.0,0.0,4.3,1.45
1730934705.0,0.0,4.3,1.45
1730934706.01,0.0,4.3,1.45
1730934707.01,0.0,4.3,1.45
1730934708.0,0.0,4.3,1.45
1730934709.0,0.0,4.3,1.45
1730934710.0,0.0,4.3,1.45
1730934711.01,0.0,4.3,1.45
1730934712.01,0.0,4.3,1.45
1730934713.0,0.0,4.3,1.45
1730934714.0,0.0,4.3,1.45
1730934715.0,0.0,4.3,1.45
1730934716.01,0.0,4.3,1.45
1730934717.01,0.0,4.3,1.45
1730934718.01,0.0,4.3,1.45
1730934719.0,0.0,4.3,1.45
1730934720.0,0.0,4.3,1.45
1730934721.0,0.0,4.3,1.45
1730934722.01,0.0,4.3,1.45
1730934723.01,0.0,4.3,1.45
1730934724.0,0.0,4.3,1.45
1730934725.0,0.0,4.3,1.45
1730934726.0,0.0,4.3,1.45
1730934727.01,0.0,4.3,1.45
1730934728.01,0.0,4.3,1.45
1730934729.01,0.0,4.3,1.45
1730934730.0,0.0,4.3,1.45
1730934731.0,0.0,4.3,1.45
1730934732.03,0.0,4.3,1.45
1730934733.01,0.0,4.3,1.45
1730934734.01,0.0,4.3,1.45
1730934735.0,0.0,4.3,1.45
1730934736.0,0.0,4.3,1.45
1730934737.01,0.0,4.3,1.45
1730934738.0,0.0,4.3,1.45
1730934739.0,0.0,4.3,1.45
1730934740.0,0.0,4.3,1.45
1730934741.01,0.0,4.3,1.45
1730934742.01,0.0,4.3,1.45
1730934743.01,0.0,4.3,1.45
1730934744.0,0.0,4.3,1.45
1730934745.0,0.0,4.3,1.45
1730934746.01,0.0,4.3,1.45
1730934747.01,0.0,4.3,1.45
1730934748.01,0.0,4.3,1.45
1730934749.0,0.0,4.3,1.45
1730934750.0,0.0,4.3,1.45
1730934751.0,0.0,4.3,1.45
1730934752.0,0.0,4.3,1.45
1730934753.01,0.0,4.3,1.45
1730934754.0,0.0,4.3,1.45
1730934755.0,0.0,4.3,1.45
1730934756.0,0.0,4.3,1.45
1730934757.01,0.0,4.3,1.45
1730934758.01,0.0,4.3,1.45
1730934759.0,0.0,4.3,1.45
1730934760.0,0.0,4.3,1.45
1730934761.0,0.0,4.3,1.45
1730934762.01,0.0,4.3,1.45
1730934763.01,0.0,4.3,1.45
1730934764.0,0.0,4.3,1.45
1730934765.0,0.0,4.3,1.45
1730934766.0,0.0,4.3,1.45
1730934767.01,0.0,4.3,1.45
1730934768.01,0.0,4.3,1.45
1730934769.01,0.0,4.3,1.45
1730934770.0,0.0,4.3,1.45
1730934771.0,0.0,4.3,1.45
1730934772.01,0.0,4.3,1.45
1730934773.01,0.0,4.3,1.45
1730934774.0,0.0,4.3,1.45
1730934775.0,0.0,4.3,1.45
1730934776.0,0.0,4.3,1.45
1730934777.0,0.0,4.3,1.45
1730934778.01,0.0,4.3,1.45
1730934779.0,0.0,4.3,1.45
1730934780.0,0.0,4.3,1.45
1730934781.01,0.0,4.3,1.45
1730934782.01,0.0,4.3,1.45
1730934783.01,0.0,4.3,1.45
1730934784.0,0.0,4.3,1.45
1730934785.0,0.0,4.3,1.45
1730934786.01,0.0,4.3,1.45
1730934787.01,0.0,4.3,1.45
1730934788.01,0.0,4.3,1.45
1730934789.0,0.0,4.3,1.45
1730934790.0,0.0,4.3,1.45
1730934791.01,0.0,4.3,1.45
1730934792.01,0.0,4.3,1.45
1730934793.01,0.0,4.3,1.45
1730934794.0,0.0,4.3,1.45
1730934795.0,0.0,4.3,1.45
1730934796.01,0.0,4.3,1.45
1730934797.01,0.0,4.3,1.45
1730934798.01,0.0,4.3,1.45
1730934799.0,0.0,4.3,1.45
1730934800.0,0.0,4.3,1.45
1730934801.0,0.0,4.3,1.45
1730934802.01,0.0,4.3,1.45
1730934803.01,0.0,4.3,1.45
1730934804.01,0.0,4.3,1.45
1730934805.0,0.0,4.3,1.45
1730934806.0,0.0,4.3,1.45
1730934807.01,0.0,4.3,1.45
1730934808.01,0.0,4.3,1.45
1730934809.0,0.0,4.3,1.45
1730934810.0,0.0,4.3,1.45
1730934811.01,0.0,4.3,1.45
1730934812.01,0.0,4.3,1.45
1730934813.01,0.0,4.3,1.45
1730934814.0,0.0,4.3,1.45
1730934815.02,0.0,4.3,1.45
1730934816.01,0.0,4.3,1.45
1730934817.01,0.0,4.3,1.45
1730934818.01,0.0,4.3,1.45
1730934819.0,0.0,4.3,1.45
1730934820.0,0.0,4.3,1.45
1730934821.01,0.0,4.3,1.45
1730934822.01,0.0,4.3,1.45
1730934823.0,0.0,4.3,1.45
1730934824.0,0.0,4.3,1.45
1730934825.0,0.0,4.3,1.45
1730934826.01,0.0,4.3,1.45
1730934827.01,0.0,4.3,1.45
1730934828.01,0.0,4.3,1.45
1730934829.0,0.0,4.3,1.45
1730934830.0,0.0,4.3,1.45
1730934831.01,0.0,4.3,1.45
1730934832.01,0.0,4.3,1.45
1730934833.01,0.0,4.3,1.45
1730934834.0,0.0,4.3,1.45
1730934835.0,0.0,4.3,1.45
1730934836.0,0.0,4.3,1.45
1730934837.01,0.0,4.3,1.45
1730934838.01,0.0,4.3,1.45
1730934839.0,0.0,4.3,1.45
1730934840.0,0.0,4.3,1.45
1730934841.0,0.0,4.3,1.45
1730934842.01,0.0,4.3,1.45
1730934843.01,0.0,4.3,1.45
1730934844.0,0.0,4.3,1.45
1730934845.0,0.0,4.3,1.45
1730934846.01,0.0,4.3,1.45
1730934847.01,0.0,4.3,1.45
1730934848.0,0.0,4.3,1.45
1730934849.0,0.0,4.3,1.45
1730934850.0,0.0,4.3,1.45
1730934851.01,0.0,4.3,1.45
1730934852.01,0.0,4.3,1.45
1730934853.0,0.0,4.3,1.45
1730934854.0,0.0,4.3,1.45
1730934855.01,0.0,4.3,1.45
1730934856.01,0.0,4.3,1.45
1730934857.01,0.0,4.3,1.45
1730934858.0,0.0,4.3,1.45
1730934859.0,0.0,4.3,1.45
1730934860.0,0.0,4.3,1.45
1730934861.01,0.0,4.3,1.45
1730934862.01,0.0,4.3,1.45
1730934863.0,0.0,4.3,1.45
1730934864.0,0.0,4.3,1.45
1730934865.0,0.0,4.3,1.45
1730934866.01,0.0,4.3,1.45
1730934867.01,0.0,4.3,1.45
1730934868.01,0.0,4.3,1.45
1730934869.0,0.0,4.3,1.45
1730934870.0,0.0,4.3,1.45
1730934871.0,0.0,4.3,1.45
1730934872.01,0.0,4.3,1.45
1730934873.01,0.0,4.3,1.45
1730934874.0,0.0,4.3,1.45
1730934875.0,0.0,4.3,1.45
1730934876.0,0.0,4.3,1.45
1730934877.01,0.0,4.3,1.45
1730934878.01,0.0,4.3,1.45
1730934879.01,0.0,4.3,1.45
1730934880.0,0.0,4.3,1.45
1730934881.01,0.0,4.3,1.45
1730934882.01,0.0,4.3,1.45
1730934883.01,0.0,4.3,1.45
1730934884.0,0.0,4.3,1.45
1730934885.0,0.0,4.3,1.45
1730934886.0,0.0,4.3,1.45
1730934887.01,0.0,4.3,1.45
1730934888.01,0.0,4.3,1.45
1730934889.01,0.0,4.3,1.45
1730934890.0,0.0,4.3,1.45
1730934891.01,0.0,4.3,1.45
1730934892.01,0.0,4.3,1.45
1730934893.01,0.0,4.3,1.45
1730934894.0,0.0,4.3,1.45
1730934895.0,0.0,4.3,1.45
1730934896.0,0.0,4.3,1.45
1730934897.01,0.0,4.3,1.45
1730934898.01,0.0,4.3,1.45
1730934899.0,0.0,4.3,1.45
1730934900.0,0.0,4.3,1.45
1730934901.0,0.0,4.3,1.45
1730934902.01,0.0,4.3,1.45
1730934903.01,0.0,4.3,1.45
1730934904.0,0.0,4.3,1.45
1730934905.0,0.0,4.3,1.45
1730934906.0,0.0,4.3,1.45
1730934907.01,0.0,4.3,1.45
1730934908.01,0.0,4.3,1.45
1730934909.0,0.0,4.3,1.45
1730934910.0,0.0,4.3,1.45
1730934911.0,0.0,4.3,1.45
1730934912.0,0.0,4.3,1.45
1730934913.01,0.0,4.3,1.45
1730934914.01,0.0,4.3,1.45
1730934915.0,0.0,4.3,1.45
1730934916.0,0.0,4.3,1.45
1730934917.01,0.0,4.3,1.45
1730934918.01,0.0,4.3,1.45
1730934919.0,0.0,4.3,1.45
1730934920.0,0.0,4.3,1.45
1730934921.0,0.0,4.3,1.45
1730934922.01,0.0,4.3,1.45
1730934923.01,0.0,4.3,1.45
1730934924.0,0.0,4.3,1.45
1730934925.0,0.0,4.3,1.45
1730934926.01,0.0,4.3,1.45
1730934927.01,0.0,4.3,1.45
1730934928.01,0.0,4.3,1.45
1730934929.0,0.0,4.3,1.45
1730934930.0,0.0,4.3,1.45
1730934931.0,0.0,4.3,1.45
1730934932.01,0.0,4.3,1.45
1730934933.01,0.0,4.3,1.45
1730934934.0,0.0,4.3,1.45
1730934935.0,0.0,4.3,1.45
1730934936.0,0.0,4.3,1.45
1730934937.01,0.0,4.3,1.45
1730934938.01,0.0,4.3,1.45
1730934939.01,0.0,4.3,1.45
1730934940.0,0.0,4.3,1.45
1730934941.0,0.0,4.3,1.45
1730934942.01,0.0,4.3,1.45
1730934943.01,0.0,4.3,1.45
1730934944.01,0.0,4.3,1.45
1730934945.02,0.0,4.3,1.45
1730934946.0,0.0,4.3,1.45
1730934947.01,0.0,4.3,1.45
1730934948.01,0.0,4.3,1.45
1730934949.01,0.0,4.3,1.45
1730934950.0,0.0,4.3,1.45
1730934951.0,0.0,4.3,1.45
1730934952.01,0.0,4.3,1.45
1730934953.01,0.0,4.3,1.45
1730934954.01,0.0,4.3,1.45
1730934955.0,0.0,4.3,1.45
1730934956.0,0.0,4.3,1.45
1730934957.01,0.0,4.3,1.45
1730934958.0,0.0,4.3,1.45
1730934959.01,0.0,4.3,1.45
1730934960.02,0.0,4.3,1.45
1730934961.0,0.0,4.3,1.45
1730934962.01,0.0,4.3,1.45
1730934963.01,0.0,4.3,1.45
1730934964.0,0.0,4.3,1.45
1730934965.0,0.0,4.3,1.45
1730934966.0,0.0,4.3,1.45
1730934967.01,0.0,4.3,1.45
1730934968.01,0.0,4.3,1.45
1730934969.0,0.0,4.3,1.45
1730934970.0,0.0,4.3,1.45
1730934971.0,0.0,4.3,1.45
1730934972.01,0.0,4.3,1.45
1730934973.01,0.0,4.3,1.45
1730934974.01,0.0,4.3,1.45
1730934975.0,0.0,4.3,1.45
1730934976.01,0.0,4.3,1.45
1730934977.01,0.0,4.3,1.45
1730934978.01,0.0,4.3,1.45
1730934979.01,0.0,4.3,1.45
1730934980.0,0.0,4.3,1.45
1730934981.0,0.0,4.3,1.45
1730934982.0,0.0,4.3,1.45
1730934983.01,0.0,4.3,1.45
1730934984.01,0.0,4.3,1.45
1730934985.0,0.0,4.3,1.45
1730934986.0,0.0,4.3,1.45
1730934987.0,0.0,4.3,1.45
1730934988.01,0.0,4.3,1.45
1730934989.0,0.0,4.3,1.45
1730934990.0,0.0,4.3,1.45
1730934991.0,0.0,4.3,1.45
1730934992.0,0.0,4.3,1.45
1730934993.01,0.0,4.3,1.45
1730934994.01,0.0,4.3,1.45
1730934995.0,0.0,4.3,1.45
1730934996.0,0.0,4.3,1.45
1730934997.0,0.0,4.3,1.45
1730934998.01,0.0,4.3,1.45
1730934999.01,0.0,4.3,1.45
1730935000.0,0.0,4.3,1.45
1730935001.0,0.0,4.3,1.45
1730935002.01,0.0,4.3,1.45
1730935003.01,0.0,4.3,1.45
1730935004.01,0.0,4.3,1.45
1730935005.0,0.0,4.3,1.45
1730935006.0,0.0,4.3,1.45
1730935007.01,0.0,4.3,1.45
1730935008.01,0.0,4.3,1.45
1730935009.01,0.0,4.3,1.45
1730935010.0,0.0,4.3,1.45
1730935011.0,0.0,4.3,1.45
1730935012.01,0.0,4.3,1.45
1730935013.01,0.0,4.3,1.45
1730935014.01,0.0,4.3,1.45
1730935015.0,0.0,4.3,1.45
1730935016.0,0.0,4.3,1.45
1730935017.0,0.0,4.3,1.45
1730935018.01,0.0,4.3,1.45
1730935019.01,0.0,4.3,1.45
1730935020.0,0.0,4.3,1.45
1730935021.0,0.0,4.3,1.45
1730935022.0,0.0,4.3,1.45
1730935023.01,0.0,4.3,1.45
1730935024.01,0.0,4.3,1.45
1730935025.0,0.0,4.3,1.45
1730935026.0,0.0,4.3,1.45
1730935027.0,0.0,4.3,1.45
1730935028.01,0.0,4.3,1.45
1730935029.01,0.0,4.3,1.45
1730935030.0,0.0,4.3,1.45
1730935031.0,0.0,4.3,1.45
1730935032.01,0.0,4.3,1.45
1730935033.01,0.0,4.3,1.45
1730935034.01,0.0,4.3,1.45
1730935035.0,0.0,4.3,1.45
1730935036.0,0.0,4.3,1.45
1730935037.0,0.0,4.3,1.45
1730935038.01,0.0,4.3,1.45
1730935039.01,0.0,4.3,1.45
1730935040.0,0.0,4.3,1.45
1730935041.0,0.0,4.3,1.45
1730935042.0,0.0,4.3,1.45
1730935043.01,0.0,4.3,1.45
1730935044.01,0.0,4.3,1.45
1730935045.01,0.0,4.3,1.45
1730935046.0,0.0,4.3,1.45
1730935047.0,0.0,4.3,1.45
1730935048.01,0.0,4.3,1.45
1730935049.01,0.0,4.3,1.45
1730935050.01,0.0,4.3,1.45
1730935051.0,0.0,4.3,1.45
1730935052.0,0.0,4.3,1.45
1730935053.0,0.0,4.3,1.45
1730935054.01,0.0,4.3,1.45
1730935055.01,0.0,4.3,1.45
1730935056.0,0.0,4.3,1.45
1730935057.0,0.0,4.3,1.45
1730935058.0,0.0,4.3,1.45
1730935059.01,0.0,4.3,1.45
1730935060.01,0.0,4.3,1.45
1730935061.0,0.0,4.3,1.45
1730935383.0,0.0,4.3,1.45
1730935384.0,0.0,4.3,1.45
1730935385.0,0.0,4.3,1.45
1730935386.0,0.0,4.3,1.45
1730935387.0,0.0,4.3,1.45
1730935388.0,0.0,4.3,1.45
1730935389.0,0.0,4.3,1.45
1730935390.0,0.0,4.3,1.45
1730935391.0,0.0,4.3,1.45
1730935392.0,0.0,4.3,1.45
1730935393.0,0.0,4.3,1.45
1730935394.0,0.0,4.3,1.45
1730935395.0,0.0,4.3,1.45
1730935396.0,0.0,4.3,1.45
1730935397.0,0.0,4.3,1.45
1730935398.0,0.0,4.3,1.45
1730935399.0,0.0,4.3,1.45
1730935400.0,0.0,4.3,1.45
1730935401.0,0.0,4.3,1.45
1730935402.0,0.0,4.3,1.45
1730935403.0,0.0,4.3,1.45
1730935404.0,0.0,4.3,1.45
1730935405.0,0.0,4.3,1.45
1730935406.0,0.0,4.3,1.45
1730935407.0,0.0,4.3,1.45
1730935408.0,0.0,4.3,1.45
1730935409.0,0.0,4.3,1.45
1730935410.0,0.0,4.3,1.45
1730935426.84,0.0,4.3,1.45
1730935427.0,0.0,4.3,1.45
1730935428.0,0.0,4.3,1.45
1730935429.0,0.0,4.3,1.45
1730935430.0,0.0,4.3,1.45
1730935431.0,0.0,4.3,1.45
1730935432.0,0.0,4.3,1.45
1730935433.0,0.0,4.3,1.45
1730935434.0,0.0,4.3,1.45
1730935435.0,0.0,4.3,1.45
1730935436.0,0.0,4.3,1.45
1730935437.0,0.0,4.3,1.45
1730935438.0,0.0,4.3,1.45
1730935439.0,0.0,4.3,1.45
1730935440.0,0.0,4.3,1.45
1730935441.0,0.0,4.3,1.45
1730935442.0,0.0,4.3,1.45
1730935443.0,0.0,4.3,1.45
1730935444.0,0.0,4.3,1.45
1730935445.0,0.0,4.3,1.45
1730935446.0,0.0,4.3,1.45
1730935447.0,0.0,4.3,1.45
1730935448.0,0.0,4.3,1.45
1730935449.0,0.0,4.3,1.45
1730935450.0,0.0,4.3,1.45
1730935451.0,0.0,4.3,1.45
1730935452.0,0.0,4.3,1.45
1730935453.0,0.0,4.3,1.45
1730935454.0,0.0,4.3,1.45
1730935455.0,0.0,4.3,1.45
1730935456.0,0.0,4.3,1.45
1730935457.0,0.0,4.3,1.45
1730935458.0,0.0,4.3,1.45
1730935459.0,0.0,4.3,1.45
1730935460.0,0.0,4.3,1.45
1730935461.0,0.0,4.3,1.45
1730935462.0,0.0,4.3,1.45
1730935463.0,0.0,4.3,1.45
1730935464.0,0.0,4.3,1.45
1730935465.0,0.0,4.3,1.45
1730935466.0,0.0,4.3,1.45
1730935467.0,0.0,4.3,1.45
1730935468.0,0.0,4.3,1.45
1730935469.0,17.37,1957.15,33.06
1730935470.0,19.96,158.97,1.45
1730935471.0,27.17,1954.96,21.34
1730935472.0,26.99,119.52,1.45
1730935473.0,26.19,9.15,1.45
1730935474.0,25.38,4.53,1.45
1730935475.0,24.59,4.35,1.45
1730935476.0,23.8,4.34,1.45
1730935477.0,23.05,4.34,1.45
1730935478.0,22.29,4.34,1.45
1730935479.0,21.54,4.34,1.45
1730935480.0,20.8,4.34,1.45
1730935481.0,20.08,4.34,1.45
1730935482.0,19.35,4.34,1.45
1730935483.0,26.44,1831.89,16.15
1730935484.0,28.49,1902.45,14.99
1730935485.0,30.43,1520.33,14.89
1730935486.0,32.12,1576.47,14.94
1730935487.0,33.6,1633.48,14.92
1730935488.0,34.98,1684.8,14.94
1730935489.0,36.25,1729.93,14.99
1730935490.0,37.39,1773.33,15.06
1730935491.0,38.47,1810.71,15.06
1730935492.0,39.45,1843.17,15.01
1730935493.0,40.34,1874.7,14.97
1730935494.0,41.18,1902.05,14.89
1730935495.0,41.94,1924.87,14.92
1730935496.0,42.65,1949.04,14.89
1730935497.0,43.31,1969.99,15.04
1730935498.0,43.9,1987.46,14.97
1730935499.0,44.47,2003.78,14.94
1730935500.0,44.98,2020.53,15.09
1730935501.0,45.44,2032.52,14.8
1730935502.0,45.87,2045.85,14.99
1730935503.0,46.27,2056.24,14.94
1730935504.0,46.63,2069.17,14.89
1730935505.0,46.97,2078.87,15.01
1730935506.0,47.28,2084.96,14.89
1730935507.0,47.56,2095.03,15.09
1730935508.0,47.89,2232.31,22.4
1730935509.0,54.25,2802.51,51.44
1730935510.0,62.65,2229.27,33.08
1730935511.0,62.33,376.14,1.45
1730935512.0,60.58,19.08,1.45
1730935513.0,58.92,4.96,1.45
1730935514.0,57.3,4.37,1.45
1730935515.0,55.73,4.34,1.45
1730935516.0,54.21,4.34,1.45
1730935517.0,52.76,4.34,1.45
1730935518.0,53.79,924.16,1.45
1730935519.0,52.35,42.53,1.45
1730935520.0,50.94,5.86,1.45
1730935521.0,49.6,4.4,1.45
1730935522.0,48.27,4.34,1.45
1730935523.0,46.98,4.34,1.45
1730935524.0,45.74,4.34,1.45
1730935525.0,44.52,4.34,1.45
1730935526.0,43.33,4.34,1.45
1730935527.0,42.19,4.34,1.45
1730935528.0,41.06,4.34,1.45
1730935529.0,39.96,4.34,1.45
1730935530.0,38.89,4.34,1.45
1730935531.0,37.86,4.34,1.45
1730935532.0,36.83,4.34,1.45
1730935533.0,35.83,4.34,1.45
1730935534.0,34.86,4.34,1.45
1730935535.0,33.9,4.34,1.45
1730935536.0,32.95,4.34,1.45
1730935537.0,32.03,4.34,1.45
1730935538.0,31.14,4.34,1.45
1730935539.0,30.25,4.34,1.45
1730935540.0,29.94,1572.2,19.2
1730935541.0,30.26,196.02,1.45
1730935542.0,29.4,12.34,1.45
1730935543.0,28.54,4.66,1.45
1730935544.0,27.71,4.35,1.45
1730935545.0,26.88,4.34,1.45
1730935546.0,26.06,4.34,1.45
1730935547.0,25.26,4.34,1.45
1730935548.0,24.48,4.34,1.45
1730935549.0,23.7,4.34,1.45
1730935550.0,22.93,4.34,1.45
1730935551.0,22.17,4.34,1.45
1730935552.0,21.43,4.34,1.45
1730935553.0,20.7,4.34,1.45
1730935554.0,19.97,4.34,1.45
1730935555.0,19.24,4.34,1.45
1730935556.0,18.54,4.34,1.45
1730935557.0,17.84,4.34,1.45
1730935558.0,17.14,4.34,1.45
1730935559.0,16.45,4.34,1.45
1730935560.0,15.78,4.34,1.45
1730935561.0,15.1,4.34,1.45
1730935562.0,14.43,4.34,1.45
1730935563.0,13.77,4.34,1.45
1730935564.0,13.12,4.34,1.45
1730935565.0,12.46,4.34,1.45
1730935566.0,11.81,4.34,1.45
1730935567.0,11.17,4.34,1.45
1730935568.0,10.53,4.34,1.45
1730935569.0,9.9,4.34,1.45
1730935570.0,9.26,4.34,1.45
1730935571.0,8.63,4.34,1.45
1730935572.0,8.01,4.34,1.45
1730935573.0,7.38,4.34,1.45
1730935574.0,6.77,4.34,1.45
1730935575.0,6.15,4.34,1.45
1730935576.0,5.53,4.34,1.45
1730935577.0,4.92,4.34,1.45
1730935578.0,4.3,4.34,1.45
1730935579.0,3.69,4.34,1.45
1730935580.0,9.04,1830.86,33.13
1730935581.0,29.94,2399.21,43.0
1730935582.0,39.35,1781.61,9.43
1730935583.0,39.35,2057.2,29.62
1730935584.0,41.74,486.19,1.45
1730935585.0,40.64,24.43,1.45
1730935586.0,39.54,5.14,1.45
1730935587.0,38.48,4.37,1.45
1730935588.0,37.46,4.34,1.45
1730935589.0,36.44,4.34,1.45
1730935590.0,35.44,4.34,1.45
1730935591.0,34.47,4.34,1.45
1730935592.0,33.53,4.34,1.45
1730935593.0,32.59,4.34,1.45
1730935594.0,31.68,4.34,1.45
1730935595.0,30.78,4.34,1.45
1730935596.0,29.89,4.34,1.45
1730935597.0,29.04,4.34,1.45
1730935598.0,28.19,4.34,1.45
1730935599.0,27.35,4.34,1.45
1730935600.0,26.53,4.34,1.45
1730935601.0,25.73,4.34,1.45
1730935602.0,24.93,4.34,1.45
1730935603.0,24.14,4.34,1.45
1730935604.0,23.37,4.34,1.45
1730935605.0,22.62,4.34,1.45
1730935606.0,21.86,4.34,1.45
1730935607.0,21.12,4.34,1.45
1730935608.0,20.38,4.34,1.45
1730935609.0,19.66,4.34,1.45
1730935610.0,18.95,4.34,1.45
1730935611.0,18.24,4.34,1.45
1730935612.0,17.54,4.34,1.45
1730935613.0,16.85,4.34,1.45
1730935614.0,16.17,4.34,1.45
1730935615.0,15.49,4.34,1.45
1730935616.0,14.82,4.34,1.45
1730935617.0,14.15,4.34,1.45
1730935618.0,13.48,4.34,1.45
1730935619.0,12.84,4.34,1.45
1730935620.0,12.19,4.34,1.45
1730935621.0,11.54,4.34,1.45
1730935622.0,10.9,4.34,1.45
1730935623.0,10.27,4.34,1.45
1730935624.0,9.63,4.34,1.45
1730935625.0,9.0,4.34,1.45
1730935626.0,8.37,4.34,1.45
1730935627.0,7.74,4.34,1.45
1730935628.0,7.12,4.34,1.45
1730935629.0,6.5,4.34,1.45
1730935630.0,5.89,4.34,1.45
1730935631.0,5.27,4.34,1.45
1730935632.0,4.65,4.34,1.45
1730935633.0,4.04,4.34,1.45
1730935634.0,3.43,4.34,1.45
1730935635.0,2.82,4.34,1.45
1730935636.0,2.21,4.34,1.45
1730935637.0,1.6,4.34,1.45
1730935638.0,1.0,4.34,1.45
1730935639.0,0.39,4.34,1.45
1730935640.0,0.0,4.31,1.45
1730935641.0,0.0,4.31,1.45
1730935642.0,0.0,4.3,1.45
1730935643.0,0.0,4.3,1.45
1730935644.0,0.0,4.3,1.45
1730935645.0,0.0,4.3,1.45
1730935646.0,0.0,4.3,1.45
1730935647.0,0.0,4.3,1.45
1730935648.0,0.0,4.3,1.45
1730935649.0,0.0,4.3,1.45
1730935650.0,0.0,4.3,1.45
1730935651.0,0.0,4.3,1.45
1730935652.0,0.0,4.3,1.45
1730935653.0,0.0,4.3,1.45
1730935654.0,0.0,4.3,1.45
1730935655.0,0.0,4.3,1.45
1730935656.0,0.0,4.3,1.45
1730935657.0,0.0,4.3,1.45
1730935658.0,0.0,4.3,1.45
1730935659.0,0.0,4.3,1.45
1730935660.0,0.0,4.3,1.45
1730935661.0,0.0,4.3,1.45
1730935662.0,0.0,4.3,1.45
1730935663.0,0.0,4.3,1.45
1730935664.0,0.0,4.3,1.45
1730935665.0,0.0,4.3,1.45
1730935666.0,0.0,4.3,1.45
1730935667.0,0.0,4.3,1.45
1730935668.0,0.0,4.3,1.45
1730935669.0,0.0,4.3,1.45
1730935670.0,0.0,4.3,1.45
1730935671.0,0.0,4.3,1.45
1730935672.0,0.0,4.3,1.45
1730935673.0,0.0,4.3,1.45
1730935674.0,0.0,4.3,1.45
1730935675.0,0.0,4.3,1.45
1730935676.0,0.0,4.3,1.45
1730935677.0,14.55,1858.2,31.23
1730935678.0,27.58,2220.65,37.66
1730935679.0,41.45,2632.0,48.36
1730935680.0,47.41,2119.8,14.58
1730935681.0,46.39,140.53,1.45
1730935682.0,45.17,10.02,1.45
1730935683.0,43.96,4.57,1.45
1730935684.0,42.79,4.35,1.45
1730935685.0,41.65,4.34,1.45
1730935686.0,40.55,4.34,1.45
1730935687.0,39.46,4.34,1.45
1730935688.0,38.4,4.34,1.45
1730935689.0,37.36,4.34,1.45
1730935690.0,36.34,4.34,1.45
1730935691.0,35.37,4.34,1.45
1730935692.0,34.39,4.34,1.45
1730935693.0,33.44,4.34,1.45
1730935694.0,32.51,4.34,1.45
1730935695.0,31.61,4.34,1.45
1730935696.0,30.71,4.34,1.45
1730935697.0,29.83,4.34,1.45
1730935698.0,28.96,4.34,1.45
1730935699.0,28.11,4.34,1.45
1730935700.0,27.29,4.34,1.45
1730935701.0,26.46,4.34,1.45
1730935702.0,25.65,4.34,1.45
1730935703.0,24.86,4.34,1.45
1730935704.0,24.07,4.34,1.45
1730935705.0,23.31,4.34,1.45
1730935706.0,22.54,4.34,1.45
1730935707.0,21.79,4.34,1.45
1730935708.0,21.05,4.34,1.45
1730935709.0,20.33,4.34,1.45
1730935710.0,19.6,4.34,1.45
1730935711.0,18.88,4.34,1.45
1730935712.0,18.18,4.34,1.45
1730935713.0,17.47,4.34,1.45
1730935714.0,16.79,4.34,1.45
1730935715.0,16.11,4.34,1.45
1730935716.0,15.43,4.34,1.45
1730935717.0,14.75,4.34,1.45
1730935718.0,14.08,4.34,1.45
1730935719.0,13.43,4.34,1.45
1730935720.0,12.78,4.34,1.45
1730935721.0,12.13,4.52,1.45
1730935722.0,11.48,4.35,1.45
1730935723.0,10.85,4.34,1.45
1730935724.0,10.21,4.34,1.45
1730935725.0,9.57,4.34,1.45
1730935726.0,8.94,4.34,1.45
1730935727.0,8.31,4.34,1.45
1730935728.0,7.68,4.34,1.45
1730935729.0,7.06,4.34,1.45
1730935730.0,6.44,4.34,1.45
1730935731.0,5.83,4.34,1.45
1730935732.0,5.21,4.34,1.45
1730935733.0,4.6,4.34,1.45
1730935734.0,3.98,4.34,1.45
1730935735.0,3.37,4.34,1.45
1730935736.0,2.77,4.34,1.45
1730935737.0,2.16,4.34,1.45
1730935738.0,1.55,4.34,1.45
1730935739.0,0.94,4.34,1.45
1730935740.0,0.34,4.34,1.45
1730935741.0,0.0,4.31,1.45
1730935742.0,0.0,4.31,1.45
1730935743.0,0.0,4.3,1.45
1730935744.0,0.0,4.3,1.45
1730935745.0,0.0,4.3,1.45
1730935746.0,0.0,4.3,1.45
1730935747.0,0.0,4.3,1.45
1730935748.0,0.0,4.3,1.45
1730935749.0,0.0,4.3,1.45
1730935750.0,0.0,4.3,1.45
1730935751.0,0.0,4.3,1.45
1730935752.0,0.0,4.3,1.45
1730935753.0,0.0,4.3,1.45
1730935754.0,0.0,4.3,1.45
1730935755.0,0.0,4.3,1.45
1730935756.0,0.0,4.3,1.45
1730935757.0,0.0,4.3,1.45
1730935758.0,0.0,4.3,1.45
1730935759.0,0.0,4.3,1.45
1730935760.0,0.0,4.3,1.45
1730935761.0,0.0,4.3,1.45
1730935762.0,0.0,4.3,1.45
1730935763.0,0.0,4.3,1.45
1730935764.0,0.0,4.3,1.45
1730935765.0,0.0,4.3,1.45
1730935766.0,0.0,4.3,1.45
1730935767.0,0.0,4.3,1.45
1730935768.0,0.0,4.3,1.45
1730935769.0,0.0,4.3,1.45
1730935770.0,0.0,4.3,1.45
1730935771.0,0.0,4.3,1.45
1730935772.0,0.0,4.3,1.45
1730935773.0,0.0,4.3,1.45
1730935774.0,0.0,4.3,1.45
1730935775.0,0.0,4.3,1.45
1730935776.0,0.0,4.3,1.45
1730935777.0,0.0,4.3,1.45
1730935778.0,17.15,2422.08,48.48
1730935779.0,38.99,2915.0,57.75
1730935780.0,53.25,2773.89,50.41
1730935781.0,59.59,2203.58,35.27
1730935782.0,63.42,2266.39,35.44
1730935783.0,66.87,2336.46,35.54
1730935784.0,70.05,2409.4,35.56
1730935785.0,72.95,2480.85,35.51
1730935786.0,75.67,2547.13,35.56
1730935787.0,78.12,2607.04,35.47
1730935788.0,80.37,2665.69,35.54
1730935789.0,82.42,2718.24,35.42
1730935790.0,84.29,2766.95,35.44
1730935791.0,86.02,2812.01,35.37
1730935792.0,87.58,2853.06,35.49
1730935793.0,89.01,2889.25,35.44
1730935794.0,90.33,2923.36,35.37
1730935795.0,91.57,2953.76,35.39
1730935796.0,92.68,2981.69,35.37
1730935797.0,93.7,3007.72,35.37
1730935798.0,94.63,3030.54,35.42
1730935799.0,95.5,3054.14,35.51
1730935800.0,96.29,3071.75,35.35
1730935801.0,97.01,3089.97,35.42
1730935802.0,97.68,3106.41,35.49
1730935803.0,98.28,3121.66,35.3
1730935804.0,98.84,3133.95,35.47
1730935805.0,99.35,3148.09,35.54
1730935806.0,99.82,3157.9,35.44
1730935807.0,100.24,3169.03,35.39
1730935808.0,100.63,3176.32,35.35
1730935809.0,100.99,3185.98,35.3
1730935810.0,101.31,3193.81,35.37
1730935811.0,101.61,3200.48,35.44
1730935812.0,101.88,3205.55,35.27
1730935813.0,102.12,3210.95,35.35
1730935814.0,102.34,3217.27,35.3
1730935815.0,102.55,3221.12,35.39
1730935816.0,102.73,3226.95,35.37
1730935817.0,102.9,3231.13,35.39
1730935818.0,103.05,3235.34,35.39
1730935819.0,103.19,3237.96,35.47
1732230158.0,32.95,1953.5,30.77
1732230159.0,44.14,2240.07,30.8
1732230160.0,52.52,2007.78,30.27
1732230161.0,58.76,2118.12,31.09
1732230162.0,63.89,2212.46,31.88
1732230163.0,68.47,2320.66,29.43
1732230164.0,72.31,2396.19,30.8
1732230165.0,75.5,2505.96,31.16
1732230166.0,78.14,2548.7,30.77
1732230167.0,81.0,2642.59,31.76
1732230168.0,83.52,2705.64,29.64
1732230169.0,85.52,2737.71,30.97
1732230170.0,87.23,2796.08,29.57
1732230171.0,88.57,2830.19,31.4
1732230172.0,89.79,2844.52,30.85
1732230173.0,90.74,2889.7,31.14
1732230174.0,91.48,2900.86,31.74
1732230175.0,92.15,2913.05,32.07
1732230176.0,92.55,2929.77,31.14
1732230178.0,93.31,2945.6,31.18
1732230179.0,93.54,2947.75,29.69
1732230180.0,93.73,2955.4,31.06
1732230181.0,93.93,2955.05,29.55
1732230182.0,94.08,2955.09,31.57
1732230183.0,94.27,2958.93,29.76
1732230184.0,94.4,2962.96,30.94
1732230185.0,94.53,2966.84,30.87
1732230186.0,94.7,2979.84,29.74
1732230187.0,94.74,2968.18,31.16
1732230188.0,94.81,2971.89,30.63
1732230189.0,94.96,2983.74,31.47
1732230190.0,94.97,2981.79,29.62
1732230191.0,94.93,2974.26,29.67
1732230192.0,95.02,2989.03,31.14
1732230193.0,95.16,2981.77,30.99
1732230194.0,95.18,2988.27,30.63
1732230195.0,95.09,2966.44,30.82
1732230196.0,95.04,2993.58,31.28
1732230197.0,95.02,2966.67,30.8
1732230198.0,95.1,2985.21,31.54
1732230199.0,95.08,2987.7,31.69
1732230200.0,95.08,2966.29,32.12
1732230201.0,95.14,2993.78,31.21
1732230202.0,95.15,2989.78,30.94
1732230203.0,95.29,2990.08,31.66
1732230204.0,95.33,2983.15,30.99
1732230205.0,95.32,2982.95,29.6
1732230206.0,95.26,2982.3,30.94
1732230207.0,95.23,3001.18,31.81
1732230208.0,95.28,2982.81,29.64
1732230209.0,95.28,2988.01,29.62
1732230210.0,95.16,2988.1,30.94
1732230211.0,95.18,2981.23,30.37
1732230212.0,95.17,2984.72,31.01
1732230213.0,95.17,2983.74,29.69
1732230214.0,95.21,2980.06,30.99
1732230215.0,95.16,2984.32,31.93
1732230216.0,95.17,2985.27,31.66
1732230217.0,95.21,2981.37,31.42
1732230218.0,95.2,2979.64,30.87
1732230219.0,95.21,2984.11,29.62
1732230220.0,95.22,2992.78,31.06
1732230221.0,95.23,2990.21,31.71
1732230222.0,95.19,2988.47,31.69
1732230223.0,95.25,3004.81,31.06
1732230224.0,95.26,2980.95,29.57
1732230225.0,95.29,2985.79,29.62
1732230226.0,95.28,2988.29,31.74
1732230227.0,95.29,2975.02,30.94
1732230228.0,95.22,2984.19,29.81
1732230229.0,95.18,2986.72,30.97
1732230230.0,95.18,2989.25,31.18
1732230231.0,95.13,2994.29,31.06
1732230232.0,95.09,2992.88,31.28
1732230233.0,95.11,2984.23,30.85
1732230234.0,95.15,2993.1,31.18
1732230235.0,95.17,2981.42,30.92
1732230236.0,95.13,2979.64,31.09
1732230237.0,95.14,2975.56,29.6
1732230238.0,95.16,2988.04,32.22
1732230239.0,95.08,2968.56,30.75
1732230240.0,95.1,2969.35,30.85
1732230241.0,95.05,2984.13,31.71
1732230242.0,95.05,2982.64,29.57
1732230243.0,95.05,2973.68,30.77
1732230244.0,95.0,2979.01,29.62
1732230245.0,94.95,2969.68,30.92
1732230246.0,94.99,2987.13,31.18
1732230247.0,95.05,2986.95,31.71
1732230248.0,95.11,2984.55,31.64
1732230249.0,95.17,2993.83,31.04
1732230250.0,95.17,2968.2,30.77
1732230251.0,95.16,2980.78,30.73
1732230252.0,95.15,2991.46,30.99
1732230253.0,95.18,2968.72,30.53
1732230254.0,95.18,2967.42,30.73
1732230255.0,95.23,2989.08,30.73
1732230256.0,95.17,2988.07,30.99
1732230257.0,95.14,2985.0,29.72
1732230258.0,95.12,2982.07,29.6
1732230259.0,95.08,2990.39,31.11
1732230260.0,95.03,2967.44,30.89
1732230261.0,95.1,2983.39,29.64
1732230262.0,95.07,2982.99,32.05
1732230263.0,95.11,2983.14,31.59
1732230264.0,95.14,2999.89,29.93
1732230265.0,94.97,2976.14,29.43
1732230266.0,94.94,2979.92,30.08
1732230267.0,95.01,2960.98,30.49
1732230268.0,94.94,2975.34,29.35
1732230269.0,94.85,2957.68,30.58
1732230270.0,94.74,2953.69,30.46
1732230271.0,94.66,2976.89,30.87
1732230272.0,94.71,2955.18,30.46
1732230273.0,94.67,2954.19,30.56
1732230274.0,94.59,2962.04,30.63
1732230275.0,94.56,2966.53,29.52
1732230276.0,94.52,2949.96,30.46
1732230277.0,94.48,2946.02,30.53
1732230278.0,94.53,2964.53,29.35
1732230279.0,94.53,2947.44,30.32
1732230280.0,94.57,2965.47,29.43
1732230281.0,94.5,2947.53,30.34
1732230282.0,94.48,2968.3,31.26
1732230283.0,94.54,2974.2,30.75
1732230284.0,94.47,2959.51,29.38
1732230285.0,94.49,2967.07,31.35
1732230286.0,94.48,2973.51,30.8
1732230287.0,94.42,2963.51,30.63
1732230288.0,94.41,2955.75,30.53
1732230289.0,94.43,2963.43,29.47
1732230290.0,94.38,2945.42,30.41
1732230291.0,94.38,2944.43,30.51
1732230292.0,94.35,2955.43,30.63
1732230293.0,94.36,2952.76,30.46
1732230294.0,94.41,2948.56,30.53
1732230295.0,94.38,2969.17,30.75
1732230296.0,94.39,2964.66,31.28
1732230297.0,94.34,2964.81,30.68
1732230298.0,94.36,2962.72,31.06
1732230299.0,94.55,3023.49,35.56
1732230300.0,97.41,3167.51,43.53
1732230301.0,101.22,3292.63,44.3
1732230302.0,103.25,3253.62,36.77
1732230303.0,100.56,2855.7,22.33
1732230304.0,96.28,2574.04,16.68
1732230305.0,3.15,1283.65,17.04
1732230306.0,0.0,1280.57,17.28
1732230307.0,5.06,1296.32,17.16
1732230308.0,2.08,1287.36,16.22
1732230309.0,0.45,1290.59,17.28
1732230310.0,12.75,1339.33,17.11
1732230311.0,23.08,1664.63,17.35
1732230312.0,29.48,1993.2,16.46
1732230313.0,34.6,1696.05,16.84
1732230314.0,38.45,1843.41,16.92
1732230315.0,40.92,1928.68,16.07
1732230316.0,43.23,2007.4,17.28
1732230317.0,45.27,2072.92,16.48
1732230318.0,46.94,2133.39,17.69
1732230319.0,48.27,2165.0,16.34
1732230320.0,49.43,2194.42,16.31
1732230321.0,50.53,1694.86,17.2
1732230322.0,51.69,1715.16,16.24
1732230323.0,52.68,1738.56,17.06
1732230324.0,53.7,1767.11,17.64
1732230325.0,54.63,1790.03,16.19
1732230326.0,55.38,1818.58,16.75
1732230327.0,56.09,1825.35,17.01
1732230328.0,56.66,1839.57,16.22
1732230329.0,57.15,1853.43,16.31
1732230330.0,57.52,1866.2,16.94
1732230331.0,57.82,1867.29,16.87
1732230332.0,58.11,1883.76,17.13
1732230333.0,58.41,1872.32,16.92
1732230334.0,58.59,1887.87,16.12
1732230335.0,58.77,1891.18,16.22
1732230336.0,58.89,1886.86,16.96
1732230337.0,59.06,1889.45,16.92
1732230338.0,59.2,1899.61,16.0
1732230339.0,59.29,1894.62,16.87
1732230340.0,59.37,1907.96,17.57
1732230341.0,59.48,1916.02,17.04
1732230342.0,59.58,1917.03,17.06
1732230343.0,59.63,1903.84,17.11
1732230344.0,59.67,1902.7,16.99
1732230345.0,59.69,1920.47,17.04
1732230346.0,59.75,1912.61,16.17
1732230347.0,59.76,1913.62,16.15
1732230348.0,59.78,1908.75,16.94
1732230349.0,59.79,1910.95,17.01
1732230350.0,59.79,1924.06,16.99
1732230351.0,59.85,1913.35,16.1
1732230352.0,59.89,1920.36,16.1
1732230353.0,59.89,1921.58,17.42
1732230354.0,59.9,1916.6,16.58
1732230355.0,59.87,1917.46,16.07
1732230356.0,59.88,1909.79,16.99
1732230357.0,59.9,1919.97,17.23
1732230358.0,59.88,1913.11,16.96
1732230359.0,59.93,1914.55,16.87
1732230360.0,59.91,1918.43,17.06
1732230361.0,59.87,1915.4,16.12
1732230362.0,59.89,1920.71,17.08
1732230363.0,59.95,1921.29,17.06
1732230364.0,59.98,1924.75,16.92
1732230365.0,60.03,1924.04,17.59
1732230366.0,60.02,1911.65,16.89
1732230367.0,60.06,1914.87,16.89
1732230368.0,60.06,1920.78,16.89
1732230369.0,60.03,1929.55,16.99
1732230370.0,60.0,1919.58,16.12
1732230371.0,59.96,1917.46,16.12
1732230372.0,59.95,1922.17,17.47
1732230373.0,59.96,1919.02,16.12
1732230374.0,59.96,1918.35,16.1
1732230498.0,62.17,1981.49,16.96
1732230499.0,62.17,1977.12,18.09
1732230500.01,62.16,1984.43,17.16
1732230501.0,62.19,1981.56,17.69
1732230502.01,62.21,1981.7,17.88
1732230503.0,62.21,1995.52,17.88
1732230504.0,62.25,1989.55,18.43
1732230505.0,62.36,2032.67,20.62
1732230506.0,65.53,2291.59,31.76
1732230507.01,73.27,2609.62,46.1
1732230508.0,84.83,2936.02,56.16
1732230509.0,97.12,3309.54,68.5
1732230510.0,109.52,3670.75,80.22
1732230511.0,121.23,3964.12,91.98
1732230512.0,132.12,4300.17,98.48
1732230513.0,140.04,4503.27,98.41
1732230514.0,144.93,4623.34,98.48
1732230515.01,148.82,4716.92,98.41
1732230516.0,151.93,4790.58,98.43
1732230517.04,57.21,3163.4,98.48
1732230518.0,54.36,3868.75,98.43
1732230519.0,80.79,3953.84,98.46
1732230520.0,101.01,3410.82,98.43
1732230521.0,112.4,3772.03,98.41
1732230522.0,122.15,3991.86,98.43
1732230523.0,130.92,4268.47,98.36
1732230524.0,139.9,4499.74,98.43
1732230525.0,146.24,4655.0,98.46
1732230526.0,33.22,3878.09,98.43
1732230527.0,79.88,3915.38,98.41
1732230528.0,104.3,3560.24,98.36
1732230529.0,118.48,3934.89,98.55
1732230530.0,126.35,4122.9,78.63
1732230531.0,132.33,4255.77,70.43
1732230532.0,135.8,4297.1,63.4
1732230533.0,137.52,4315.5,58.76
1732230534.02,138.43,4301.92,54.67
1732230535.0,138.03,4272.78,51.32
1732230536.0,137.65,4267.06,51.9
1732230537.0,137.61,4305.33,55.8
1732230538.0,139.24,4395.81,63.83
1732230539.0,140.91,4405.92,58.54
1732230540.0,140.99,4383.9,55.36
1732230541.01,141.07,4382.18,57.34
1732230542.0,141.53,4412.34,59.04
1732230543.0,141.93,4416.94,58.9
1732230544.0,16.03,2500.16,58.95
1732230545.0,56.85,2940.9,57.89
1732230546.01,74.31,2757.16,59.12
1732230547.0,85.52,2975.49,57.58
1732230548.01,94.75,3211.59,59.41
1732230549.0,102.86,3423.96,57.34
1732230550.05,110.31,3624.1,58.83
1732230551.0,116.27,3787.01,58.95
1732230552.02,121.44,3915.5,58.88
1732230553.0,125.32,3996.35,56.9
1732230554.0,128.37,4093.6,55.34
1732230555.0,131.0,4168.64,60.58
1732230556.0,134.42,4262.49,62.89
1732230557.0,137.93,4391.79,69.2
1732230558.0,142.29,4520.48,78.89
1732230559.0,146.74,4667.62,98.05
1732230560.0,151.12,4771.53,98.33
1732230561.0,154.23,4844.29,98.46
1732230562.07,156.55,4898.12,98.43
1732230563.01,157.7,4924.7,98.33
1732230564.0,158.77,4948.74,98.33
1732230565.0,159.03,4916.43,78.65
1732230566.0,157.95,4845.45,66.96
1732230567.0,156.2,4790.62,66.09
1732230568.0,154.25,4693.89,58.32
1732230569.0,151.36,4598.12,54.02
1732230570.0,148.78,4516.33,51.47
1732230571.0,146.44,4471.78,51.15
1732230572.0,143.91,4402.69,49.85
1732230573.0,141.1,4231.3,44.63
1732230574.0,136.7,4100.68,41.7
1732230575.0,132.5,3970.04,38.57
1732230576.0,128.03,3806.36,37.25
1732230577.02,121.62,3288.41,25.05
1732230578.0,113.34,2983.69,20.96
1732230579.0,107.83,2858.91,19.8
1732230580.0,102.2,2764.96,19.9
1732230581.0,97.88,2706.22,19.66
1732230582.0,93.83,2654.13,19.78
1732230583.0,90.11,2562.38,19.66
1732230584.0,86.89,2526.41,20.45
1732230585.0,84.06,2476.39,20.26
1732230586.0,81.7,2415.45,19.49
1732230587.0,79.53,2375.68,18.72
1732230588.0,77.56,2349.77,19.66
1732230589.0,75.75,2313.2,19.9
1732230590.0,74.32,2286.75,20.16
1732230591.0,73.18,2272.04,20.02
1732230592.0,72.42,2343.1,24.57
1732230593.0,76.14,2563.99,36.16
1732230594.0,84.71,2937.21,49.78
1732230595.0,92.84,3163.31,57.19
1732230596.0,101.2,3375.29,56.83
1732230597.0,107.57,3540.18,54.35
1732230598.0,113.38,3679.34,54.57
1732230599.0,118.04,3809.28,54.71
1732230600.0,87.2,3043.7,54.74
1732230601.01,49.5,2706.15,55.65
1732230602.0,66.9,2625.15,55.84
1732230603.0,78.98,2811.04,55.7
1732230604.0,87.67,3014.11,55.2
1732230605.0,97.77,3271.66,53.61
1732230606.0,106.62,3512.81,55.72
1732230607.0,113.76,3708.36,53.34
1732230608.0,119.56,3854.62,53.41
1732230609.0,124.12,3966.95,55.17
1732230610.0,127.52,4035.53,54.93
1732230611.0,130.07,4097.16,54.98
1732230612.0,131.71,4150.4,55.53
1732230613.0,133.2,4193.73,55.22
1732230614.01,134.34,4211.63,54.76
1732230615.02,135.36,4240.77,55.12
1732230616.0,136.11,4244.13,54.81
1732230617.0,136.74,4270.68,55.53
1732230618.0,137.27,4280.57,55.07
1732230619.0,137.73,4293.54,55.17
1732230620.0,138.01,4299.68,55.51
1732230621.0,138.29,4292.31,55.89
1732230622.0,138.45,4309.78,55.17
1732230623.0,138.61,4313.83,55.51
1732230624.0,138.75,4316.97,55.15
1732230625.0,138.9,4319.68,55.56
1732230626.0,138.94,4307.46,54.74
1732230627.0,138.9,4306.34,54.81
1732230628.0,138.95,4329.07,55.36
1732230629.0,138.96,4321.24,55.56
1732230630.0,138.96,4321.45,53.44
1732230631.0,139.0,4325.67,55.22
1732230632.0,139.07,4309.06,54.83
1732230633.0,139.06,4321.12,53.25
1732230634.01,139.02,4323.44,55.1
1732230635.0,139.07,4332.47,53.97
1732230636.0,139.01,4320.06,54.71
1732230637.0,139.01,4320.0,55.8
1732230638.0,139.0,4319.23,54.98
1732230639.0,138.96,4307.89,54.93
1732230640.0,138.96,4306.99,54.86
1732230641.02,138.97,4318.97,53.27
1732230642.0,139.03,4309.58,54.71
1732230643.0,139.07,4322.51,53.37
1732230644.0,139.12,4312.41,54.79
1732230645.0,139.11,4311.06,54.95
1732230646.0,139.12,4312.03,54.69
1732230647.0,139.07,4322.51,53.51
1732230648.0,139.06,4320.75,54.91
1732230649.0,139.12,4324.5,54.91
1732230650.0,139.09,4322.85,53.34
1732230651.0,139.06,4321.88,54.83
1732230652.0,139.1,4324.37,55.53
1732230653.0,139.06,4322.2,55.07
1732230654.0,139.09,4322.22,55.0
1732230655.0,139.07,4321.97,54.95
1732230656.0,139.05,4319.83,54.91
1732230657.0,139.01,4322.12,53.39
1732230658.0,138.98,4308.41,54.74
1732230659.0,138.94,4322.05,55.34
1732230660.0,139.03,4308.91,54.74
1732230661.0,139.05,4321.36,55.05
1732230662.01,139.11,4324.56,55.15
1732230663.0,139.09,4324.16,55.41
1732230664.0,139.09,4310.94,56.37
1732230665.01,139.11,4311.93,54.74
1732569648.01,0.15,419.21,0.02
1732569649.0,0.76,477.42,0.01
1732569650.0,0.94,200.42,0.0
1732569651.01,1.2,425.81,0.01
1732569652.02,1.67,344.4,0.0
1732569653.02,1.52,91.6,0.0
1732569654.01,1.34,293.64,0.01
1732569655.0,2.48,637.24,0.04
1732569656.0,3.56,501.47,0.01
1732569657.01,3.43,146.85,0.0
1732569658.01,3.21,49.01,0.0
1732569659.02,2.97,17.0,0.0
1732569660.01,5.36,1448.85,0.22
1732569661.0,12.33,1569.82,0.22
1732569662.0,16.81,1637.01,0.22
1732569663.0,20.05,1713.98,0.23
1732569664.02,25.58,2323.36,0.45
1732569665.01,33.07,2695.91,0.58
1732569666.01,40.49,3069.97,0.76
1732569667.0,48.78,3555.38,1.0
1732569668.0,56.18,3949.07,0.77
1732569669.03,63.48,3251.1,0.76
1732569670.03,64.82,3310.96,0.76
1732569671.0,58.15,3000.7,0.57
1732569672.01,50.4,2644.34,0.45
1732569673.0,52.66,2711.3,0.45
1732569674.0,57.05,3050.64,0.81
1732569675.01,62.91,3268.07,1.0
1732569676.0,68.45,3472.19,1.0
1732569677.02,73.88,3685.38,1.0
1732569678.01,70.24,3554.67,1.0
1732569679.01,63.76,3199.67,0.55
1732569680.0,59.95,2106.62,0.26
1732569681.0,60.2,1943.2,0.13
1732569682.02,59.61,578.51,0.0
1732569683.02,59.01,303.12,0.0
1732569684.02,58.37,89.03,0.0
1732569685.01,57.74,28.34,0.0
1732569686.0,57.11,44.22,0.0
1732569687.0,56.49,44.55,0.0
1732569688.0,55.91,22.49,0.02
1732569689.01,55.31,35.55,0.0
1732569690.0,54.71,21.76,0.0
1732569691.01,54.13,9.28,0.0
1732569692.0,53.57,5.81,0.0
1732569693.0,53.02,4.78,0.0
1732569694.01,52.46,4.47,0.0
1732569695.02,51.88,4.37,0.0
1732569696.0,51.33,4.35,0.0
1732569697.06,50.8,4.34,0.0
1732569698.01,50.29,4.34,0.0
1732569699.0,49.76,4.34,0.0
1732569700.0,49.23,4.34,0.0
1732569701.03,48.69,4.34,0.0
1732569702.0,48.2,16.56,0.0
1732569703.02,47.71,7.98,0.0
1732569704.02,47.21,5.37,0.0
1732569705.01,46.71,4.63,0.0
1732569706.0,46.22,4.42,0.0
1732569707.01,45.77,4.37,0.0
1732569708.03,45.27,4.35,0.0
1732569709.03,44.8,4.34,0.0
1732569710.02,44.33,4.34,0.0
1732569711.01,43.86,4.34,0.0
1732569712.01,43.44,4.34,0.0
1732569713.0,42.98,4.34,0.0
1732569714.01,42.53,4.34,0.0
1732569715.01,42.06,4.34,0.0
1732569716.02,41.62,13.55,0.0
1732569717.0,41.23,7.38,0.0
1732569718.01,40.78,5.16,0.0
1732569719.0,40.35,4.57,0.0
1732569720.0,39.92,4.41,0.0
1732569721.03,39.48,4.36,0.0
1732569722.0,39.1,8.45,0.0
1732569723.01,38.68,5.51,0.0
1732569724.0,38.27,4.67,0.0
1732569725.01,37.87,4.43,0.0
1732569726.0,37.46,4.37,0.0
1732569727.0,37.09,4.35,0.0
1732569728.03,36.68,4.34,0.0
1732569729.03,36.29,4.34,0.0
1732569730.02,35.9,4.34,0.0
1732569731.02,35.51,4.34,0.0
1732569732.01,35.16,4.34,0.0
1732569733.0,34.78,4.34,0.0
1732569734.03,34.38,4.34,0.0
1732569735.0,34.01,4.34,0.0
1732569736.0,33.64,4.34,0.0
1732569737.02,33.3,4.34,0.0
1732569738.01,32.93,4.34,0.0
1732569739.01,32.57,4.34,0.0
1732569740.0,32.21,4.34,0.0
1732569741.02,31.85,4.34,0.0
1732569742.03,32.76,2183.19,0.39
1732569743.01,37.2,2237.38,0.38
1732569744.0,38.73,1155.99,0.0
1732569745.01,38.32,327.68,0.0
1732569746.01,37.91,95.98,0.0
1732569747.0,37.54,33.07,0.0
1732569748.0,37.14,104.13,0.0
1732569749.0,36.73,516.72,0.0
1732569750.03,36.34,149.5,0.0
1732569751.01,35.94,45.49,0.0
1732569752.02,35.59,33.83,0.0
1732569753.01,35.2,352.63,0.0
1732569754.0,35.13,701.16,0.02
1732569826.01,0.0,2.58,0.0
1732569827.01,0.0,3.83,0.0
1732569828.0,0.0,4.17,0.0
1732569829.04,0.0,4.27,0.0
1732569830.01,0.0,4.3,0.0
1732569831.02,0.15,261.23,0.0
1732569832.0,0.03,340.18,0.09
1732569833.01,8.35,1600.66,0.23
1732569834.0,15.43,1965.46,0.35
1732569835.0,22.81,2143.64,0.38
1732569836.04,28.36,2381.35,0.44
1732569837.03,34.97,2725.97,0.55
1732569838.02,42.13,3132.63,0.7
1732569839.01,49.81,3600.53,0.83
1732569840.01,57.27,4022.61,0.83
1732569841.0,62.75,2119.98,0.22
1732569842.0,53.18,1649.79,0.09
1732569843.02,40.81,1358.05,0.09
1732569844.02,29.08,1416.16,0.09
1732569845.03,18.27,1305.27,0.09
1732569846.02,15.49,1142.63,0.07
1732569847.01,16.38,1452.77,0.23
1732569848.0,23.86,2349.8,0.49
1732569849.04,33.59,2823.36,0.75
1732569850.01,41.97,3181.31,1.0
1732569851.02,49.76,3612.68,1.0
1732569852.01,57.59,4033.63,0.8
1732569853.01,65.24,3345.39,0.81
1732569854.0,70.45,3534.12,0.81
1732569855.01,74.93,3706.42,0.81
1732569856.01,80.0,3897.12,0.81
1732569857.03,84.6,4089.09,0.81
1732569858.01,88.98,4257.51,0.81
1732569859.02,93.3,3257.39,0.81
1732569860.01,95.9,3321.14,0.81
1732569861.0,98.64,3392.21,0.81
1732569862.0,93.41,3270.02,0.81
1732569863.03,82.34,2429.59,0.16
1732569864.03,74.46,814.02,0.0
1732569865.0,73.68,271.03,0.0
1732569866.01,72.78,76.22,0.0
1732569867.0,71.92,24.71,0.0
1732569868.0,71.08,10.12,0.0
1732569869.0,70.25,5.98,0.0
1732569870.03,69.47,4.83,0.0
1732569871.01,68.67,4.48,0.0
1732569872.02,67.89,4.38,0.0
1732569873.01,67.11,4.35,0.0
1732569874.0,66.35,4.34,0.0
1732569875.0,65.66,4.34,0.0
1732569876.0,64.92,4.34,0.0
1732569877.01,64.16,4.34,0.0
1732569878.0,63.45,4.34,0.0
1732569879.01,62.74,4.34,0.0
1732569880.01,62.1,4.34,0.0
1732569881.01,61.41,4.34,0.0
1732569882.0,60.73,4.34,0.0
1732569883.0,60.07,4.34,0.0
1732569884.0,59.38,4.34,0.0
1732569885.02,58.79,4.34,0.0
1732569886.02,58.15,4.34,0.0
1732569887.0,57.52,4.34,0.0
1732569888.0,56.89,4.34,0.0
1732569889.0,56.28,4.34,0.0
1732569890.0,55.67,4.34,0.0
1732569891.01,55.05,4.34,0.0
1732569892.02,54.51,4.34,0.0
1732569893.02,53.92,4.34,0.0
1732569894.02,53.35,4.34,0.0
1732569895.01,52.78,892.37,0.14
1732569896.0,52.41,740.9,0.0
1732569897.0,51.86,212.69,0.0
1732569898.03,51.28,60.49,0.0
1732569899.02,50.74,20.26,0.0
1732569900.02,50.2,8.85,0.0
1732569901.01,45.43,5.62,0.0
1732569902.0,44.02,4.7,0.0
1732569903.0,43.55,4.44,0.0
1732569904.0,43.13,4.37,0.0
1732569905.01,42.66,4.35,0.0
1732569906.02,42.21,4.34,0.0
1732569907.0,41.77,4.34,0.0
1732569908.02,41.33,4.34,0.0
1732569909.0,40.89,4.34,0.0
1732569910.0,40.46,4.34,0.0
1732569911.0,40.03,4.34,0.0
1732569912.03,39.59,4.34,0.0
1732569913.02,39.17,4.34,0.0
1732569914.02,38.76,4.34,0.0
1732569915.01,38.35,56.8,0.0
1732569916.01,37.94,19.21,0.0
1732569917.0,37.53,8.56,0.0
1732569918.0,37.13,5.54,0.0
1732569919.02,36.72,4.66,0.0
1732569920.0,36.33,4.43,0.0
1732569921.02,35.94,4.37,0.0
1732569922.01,35.55,4.35,0.0
1732569923.01,35.19,4.34,0.0
1732569924.0,34.81,4.34,0.0
1732569925.0,34.47,4.34,0.0
1732569926.03,34.08,4.34,0.0
1732569927.01,33.7,4.34,0.0
1732569928.02,33.34,4.34,0.0
1732569929.02,32.97,4.34,0.0
1732569930.0,32.64,4.34,0.0
1732569931.0,32.27,4.34,0.0
1732569932.0,31.92,4.34,0.0
1732569933.02,31.55,4.34,0.0
1732569934.02,31.19,4.34,0.0
1732569935.02,30.87,4.34,0.0
1732569936.01,30.53,4.34,0.0
1732569937.0,30.18,4.34,0.0
1732569938.0,29.84,4.34,0.0
1732569939.0,29.5,4.34,0.0
1732569940.03,29.17,4.34,0.0
1732569941.02,28.84,4.34,0.0
1732569942.0,28.5,4.34,0.0
1732569943.0,28.17,978.68,0.26
1732569944.01,32.71,1203.3,0.0
1732569945.01,32.4,391.2,0.0
1732569946.0,32.05,113.97,0.0
1732569947.03,31.67,33.89,0.01
1732569948.03,34.5,1258.91,0.0
1732569949.02,34.14,352.47,0.0
1732569950.02,33.8,113.47,0.0
1732569951.0,33.43,35.27,0.0
1732569952.01,33.06,13.11,0.0
1732569953.0,32.7,6.83,0.0
1732569954.03,32.32,5.01,0.0
1732569955.03,31.99,4.55,0.0
1732569956.02,31.64,4.4,0.0
1732569957.02,31.28,4.36,0.0
1732569958.01,30.93,4.35,0.0
1732569959.01,30.58,4.34,0.0
1732569960.0,30.27,4.34,0.0
1732569961.0,29.92,4.34,0.0
1732569962.03,29.57,4.34,0.0
1732569963.03,29.23,4.34,0.0
1732569964.02,28.89,4.34,0.0
1732569965.01,28.59,4.34,0.0
1732569966.01,28.26,4.34,0.0
1732569967.0,27.93,4.34,0.0
1732569968.0,27.6,4.34,0.0
1732569969.0,27.26,4.34,0.0
1732569970.02,26.96,4.34,0.0
1732569971.01,26.64,4.34,0.0
1732569972.02,26.32,4.34,0.0
1732569973.0,26.01,4.34,0.0
1732569974.01,25.69,4.34,0.0
1732569975.0,25.4,4.34,0.0
1732569976.0,25.08,4.34,0.0
1732569977.03,24.77,4.34,0.0
1732569978.02,24.46,4.34,0.0
1732569979.02,24.16,4.34,0.0
1732569980.0,23.88,4.34,0.0
1732569981.01,23.57,4.34,0.0
1732569982.0,23.27,4.34,0.0
1732569983.03,22.96,4.34,0.0
1732569984.01,22.66,4.34,0.0
1732569985.01,22.39,4.34,0.0
1732569986.0,22.1,4.34,0.0
1732569987.01,21.8,4.34,0.0
1732569988.0,21.51,4.34,0.0
1732569989.0,21.22,4.34,0.0
1732569990.0,20.96,4.34,0.0
1732569991.02,20.66,4.34,0.0
1732569992.01,20.37,4.34,0.0
1732569993.02,20.09,4.34,0.0
1732569994.02,19.8,4.34,0.0
1732569995.0,19.54,4.34,0.0
1732569996.0,19.26,4.34,0.0
1732569997.0,18.98,4.34,0.0
1732569998.03,18.69,4.34,0.0
1732569999.03,18.42,4.34,0.0
1732570000.0,18.16,4.34,0.0
1732570001.01,17.91,4.34,0.0
1732570002.09,17.64,4.34,0.0
1732570003.01,17.39,4.34,0.0
1732570004.0,17.14,4.34,0.0
1732570005.03,16.86,4.34,0.0
1732570006.03,16.59,4.34,0.0
1732570007.0,16.32,4.34,0.0
1732570008.02,16.05,4.34,0.0
1732570009.01,15.79,4.34,0.0
1732570010.01,15.52,4.34,0.0
1732570011.0,15.26,4.34,0.0
1732570012.04,14.99,4.34,0.0
1732570013.0,14.72,4.34,0.0
1732570014.0,14.46,4.34,0.0
1732570015.02,14.2,4.34,0.0
1732570016.01,13.94,4.34,0.0
1732570017.01,13.68,4.34,0.0
1732570018.0,13.42,4.34,0.0
1732570019.0,13.17,4.34,0.0
1732570020.05,12.9,4.34,0.0
1732570021.03,9.34,4.34,0.0
1732570022.02,6.26,4.34,0.0
1732570023.01,6.04,4.34,0.0
1732570024.01,5.81,4.34,0.0
1732570025.0,5.58,4.34,0.0
1732570026.0,5.34,4.34,0.0
1732570027.01,5.09,4.34,0.0
1732570028.0,4.85,4.34,0.0
1732570029.03,4.62,4.34,0.0
1732570030.02,4.4,4.34,0.0
1732570031.01,4.16,4.34,0.0
1732570032.01,3.92,4.34,0.0
1732570033.0,3.68,4.34,0.0
1732570034.03,3.45,4.34,0.0
1732570035.01,3.22,4.34,0.0
1732570036.02,2.98,4.34,0.0
1732570037.02,2.74,4.34,0.0
1732570038.01,2.5,4.34,0.0
1732570039.01,2.29,4.34,0.0
1732570040.0,2.05,4.34,0.0
1732570041.0,1.81,4.34,0.0
1732570042.03,1.57,4.34,0.0
1732570043.03,1.33,4.34,0.0
1732570044.0,1.12,4.34,0.0
1732570045.01,0.88,4.34,0.0
1732570046.01,0.64,4.34,0.0
1732570047.01,0.4,4.34,0.0
1732570048.0,0.17,4.34,0.0
1732570049.02,0.0,4.33,0.0
1732570050.01,0.0,4.31,0.0
1732570051.01,0.0,4.31,0.0
1732570052.02,0.0,4.31,0.0
1732570053.01,0.0,4.3,0.0
1732570054.01,0.0,4.3,0.0
1732570055.0,0.0,4.3,0.0
1732570056.02,0.0,4.3,0.0
1732570057.0,0.0,4.3,0.0
1732570058.0,0.0,4.3,0.0
1732570059.01,0.0,4.3,0.0
1732570060.02,0.0,4.3,0.0
1732570061.01,0.0,4.3,0.0
1732570062.0,0.0,4.3,0.0
1732570063.0,0.0,4.3,0.0
1732570064.04,0.0,4.3,0.0
1732570065.03,0.0,4.3,0.0
1732570066.03,0.0,4.3,0.0
1732570067.02,0.0,4.3,0.0
1732570068.01,0.0,4.3,0.0
1732570069.01,0.0,4.3,0.0
1732570070.0,0.0,4.3,0.0
1732570071.0,0.0,4.3,0.0
1732570072.0,0.0,4.3,0.0
1732570073.03,0.0,4.3,0.0
1732570074.0,0.0,4.3,0.0
1732570075.02,0.0,4.3,0.0
1732570076.01,0.0,4.3,0.0
1732570077.01,0.0,4.3,0.0
1732570078.0,0.0,4.3,0.0
1732570079.0,0.0,4.3,0.0
1732570080.02,0.0,4.3,0.0
1732570081.0,0.0,4.3,0.0
1732570082.02,0.0,4.3,0.0
1732570083.02,0.0,4.3,0.0
1732570084.0,0.0,4.3,0.0
1732570085.0,0.0,4.3,0.0
1732570086.0,0.0,4.3,0.0
1732570087.03,0.0,4.3,0.0
1732570088.03,0.0,4.3,0.0
1732570089.02,0.0,4.3,0.0
1732570090.01,0.0,4.3,0.0
1732570164.03,0.0,4.3,0.0
1732570165.02,0.0,4.3,0.0
1732570166.02,0.0,4.3,0.0
1732570167.01,0.0,117.49,0.09
1732570168.01,8.65,829.12,0.0
1732570169.0,8.45,270.27,0.0
1732570170.0,8.21,79.7,0.0
1732570171.0,7.96,24.65,0.0
1732570172.02,7.71,10.1,0.0
1732570173.02,7.47,5.97,0.0
1732570174.01,7.25,4.85,0.0
1732570175.01,7.0,4.49,0.0
1732570176.0,6.78,4.39,0.0
1732570177.0,6.58,4.36,0.0
1732570178.03,6.33,4.35,0.0
1732570179.02,6.09,4.34,0.0
1732570180.0,5.85,98.71,0.0
1732570181.0,5.61,31.09,0.0
1732570182.0,5.37,11.92,0.0
1732570183.01,5.13,6.49,0.0
1732570184.0,4.89,4.95,0.0
1732570185.0,4.65,4.51,0.0
1732570186.01,4.4,4.39,0.0
1732570187.02,4.16,4.35,0.0
1732570188.02,3.93,4.34,0.0
1732570189.02,3.69,4.34,0.0
1732570190.0,3.45,4.34,0.0
1732570191.0,3.21,4.34,0.0
1732570192.0,2.97,4.34,0.0
1732570193.0,9.09,2263.59,0.59
1732570194.0,26.68,3264.74,1.0
1732570195.02,39.87,3049.15,0.75
1732570196.01,47.89,3498.51,0.98
1732570197.01,56.14,3972.61,1.0
1732570198.0,60.02,1349.87,0.0
1732570199.0,59.37,837.45,0.0
1732570200.0,58.72,377.38,0.0
1732570201.01,58.06,225.19,0.0
1732570202.0,57.43,561.52,0.0
1732570203.03,57.38,2379.38,0.48
1732570204.02,62.19,3242.7,1.0
1732570205.01,67.74,3444.28,1.0
1732570206.01,73.19,3658.68,1.0
1732570207.0,78.45,3858.7,1.0
1732570208.0,81.28,1937.84,0.0
1732570209.03,80.25,1060.57,0.0
1732570210.03,79.27,380.6,0.0
1732570211.02,78.3,110.98,0.0
1732570212.02,77.35,171.33,0.0
1732570213.01,76.41,83.12,0.0
1732570214.01,75.49,26.67,0.0
1732570215.0,74.59,10.67,0.0
1732570216.03,73.67,6.05,0.0
1732570217.03,72.8,4.82,0.0
1732570218.0,71.95,4.48,0.0
1732570219.02,71.11,4.38,0.0
1732570220.01,70.28,4.35,0.0
1732570221.01,69.47,4.34,0.0
1732570222.0,68.67,4.34,0.0
1732570223.0,67.88,4.34,0.0
1732570224.01,67.07,4.34,0.0
1732570225.03,66.31,4.34,0.0
1732570226.01,65.56,4.34,0.0
1732570227.01,64.82,4.34,0.0
1732570228.01,64.1,4.34,0.0
1732570229.0,63.38,4.34,0.0
1732570230.0,62.68,4.34,0.0
1732570231.02,61.95,4.34,0.0
1732570232.01,61.27,4.34,0.0
1732570233.02,60.59,4.34,0.0
1732570234.02,59.93,6.62,0.0
1732570235.01,59.27,4.99,0.0
1732570236.01,58.63,4.52,0.0
1732570237.0,57.99,4.39,0.0
1732570238.0,57.36,4.36,0.0
1732570239.03,56.71,4.34,0.0
1732570240.03,56.1,4.34,0.0
1732570241.02,55.5,4.34,0.0
1732570242.0,54.9,4.34,0.0
1732570243.05,54.31,4.34,0.0
1732570244.0,53.78,79.24,0.0
1732570245.0,53.2,25.57,0.0
1732570246.0,52.64,10.36,0.0
1732570247.0,52.06,5.96,0.0
1732570248.01,51.55,4.85,0.0
1732570249.02,51.0,4.48,0.0
1732570250.0,50.46,4.38,0.0
1732570251.01,49.93,4.35,0.0
1732570252.0,49.4,4.34,0.0
1732570253.0,48.92,4.34,0.0
1732570254.0,48.4,4.34,0.0
1732570255.03,47.87,4.34,0.0
1732570256.03,47.37,4.34,0.0
1732570257.02,46.87,4.34,0.0
1732570258.0,46.42,4.34,0.0
1732570259.0,45.93,4.34,0.0
1732570260.0,45.44,4.34,0.0
1732570261.0,44.97,4.34,0.0
1732570262.0,44.48,4.34,0.0
1732570263.0,44.05,82.29,0.0
1732570264.01,43.59,1068.85,0.04
1732570265.01,43.15,472.87,0.0
1732570266.01,42.69,137.06,0.0
1732570267.01,42.24,41.96,0.0
1732570268.0,41.83,16.14,0.0
1732570269.0,41.39,7.68,0.0
1732570270.01,40.94,5.24,0.0
1732570271.02,40.51,4.6,0.0
1732570272.02,40.08,4.41,0.0
1732570273.01,39.69,4.36,0.0
1732570274.0,39.27,4.35,0.0
1732570275.0,38.85,4.34,0.0
1732570276.01,38.44,4.34,0.0
1732570277.03,38.02,4.34,0.0
1732570278.03,37.64,4.34,0.0
1732570279.02,37.24,4.34,0.0
1732570280.01,36.87,4.34,0.0
1732570281.01,36.48,4.34,0.0
1732570282.01,36.09,4.34,0.0
1732570283.0,35.7,4.34,0.0
1732570284.0,35.31,4.34,0.0
1732570285.03,34.92,4.34,0.0
1732570286.03,34.54,4.34,0.0
1732570287.02,34.19,4.34,0.0
1732570288.02,33.82,4.34,0.0
1732570289.01,34.69,2321.72,0.46
1732570290.01,36.77,821.39,0.0
1732570291.0,36.38,235.3,0.0
1732570292.03,35.97,66.58,0.0
1732570293.02,35.58,21.98,0.0
1732570294.0,35.2,9.34,0.0
1732570295.0,34.82,5.76,0.0
1732570296.01,33.97,4.74,0.0
1732570297.01,29.84,4.45,0.0
1732570298.0,29.53,4.38,0.0
1732570299.0,29.19,4.35,0.0
1732570300.03,29.49,2132.89,0.44
1732570301.03,33.36,1166.05,0.04
1732570302.01,36.04,1371.01,0.04
1732570303.02,35.67,575.79,0.0
1732570304.01,35.29,188.29,0.0
1732570305.0,34.91,82.95,0.0
1732570306.0,34.53,26.62,0.0
1732570307.01,34.2,660.43,0.02
1732570308.03,33.84,667.4,0.0
1732570309.03,33.47,317.52,0.0
1732570310.0,33.11,169.68,0.0
1732570311.0,32.74,89.33,0.0
1732570312.01,32.38,28.43,0.0
1732570313.0,32.05,11.89,0.0
1732570314.0,31.7,19.43,0.0
1732570315.0,31.33,454.24,0.11
1732570316.03,34.51,2418.51,0.5
1732570317.02,42.16,3196.26,1.0
1732570318.02,49.62,3604.28,0.93
1732570319.01,57.64,4065.56,1.0
1732570320.0,65.27,4490.31,1.0
1732570321.0,72.56,3651.51,1.0
1732570322.03,78.06,3844.03,1.0
1732570323.03,82.71,4028.96,1.0
1732570324.02,87.55,4224.56,1.0
1732570325.02,92.17,4405.1,1.0
1732570326.0,96.53,4564.7,1.0
1732570327.01,101.05,3413.27,1.0
1732570328.0,100.23,3461.16,1.0
1732570329.0,91.47,3247.65,1.0
1732570330.01,82.64,3068.06,1.0
1732570331.03,75.1,3745.49,1.0
1732570332.02,68.87,3500.33,1.0
1732570333.01,63.5,3303.03,1.0
1732570334.0,57.38,3029.71,0.69
1732570335.01,48.48,1113.29,0.0
1732570336.0,36.22,313.42,0.0
1732570337.0,32.54,87.62,0.0
1732570338.03,32.21,30.45,0.0
1732570339.03,31.85,11.74,0.0
1732570340.0,31.49,6.44,0.0
1732570341.01,31.14,4.94,0.0
1732570342.01,30.79,4.51,0.0
1732570343.0,30.47,4.39,0.0
1732570344.0,30.13,4.36,0.0
1732570345.03,29.77,4.34,0.0
1732570346.01,29.43,4.34,0.0
1732570347.0,29.1,4.34,0.0
1732570348.0,28.79,4.34,0.0
1732570349.01,28.45,4.34,0.0
1732570350.0,28.12,4.34,0.0
1732570351.0,27.8,4.34,0.0
1732570352.03,27.46,4.34,0.0
1732570353.02,27.16,4.34,0.0
1732570354.01,26.84,4.34,0.0
1732570355.02,26.52,4.34,0.0
1732570356.01,26.2,4.34,0.0
1732570357.0,25.88,4.34,0.0
1732570358.0,25.59,4.34,0.0
1732570359.01,25.27,4.34,0.0
1732570360.01,24.96,4.34,0.0
1732570361.02,24.65,4.34,0.0
1732570362.01,24.34,4.34,0.0
1732570363.01,24.06,4.34,0.0
1732570364.01,23.76,4.34,0.0
1732570365.0,23.45,4.34,0.0
1732570366.0,23.15,4.34,0.0
1732570367.0,22.84,4.34,0.0
1732570368.01,22.57,4.34,0.0
1732570369.0,22.45,11.53,0.0
